:100000000C94F1020C94B83E0C948D3E0C94623E1C
:100010000C94373E0C940C3E0C94E13D0C94B63D90
:100020000C948B3D0C94433F0C94433F0C94433F02
:100030000C9422030C9422030C9422030C942203AC
:100040000C9422030C9413400C9422030C9422036E
:100050000C9422030C9422030C9422030C94413D33
:100060000C9422030C940D3F0C94E33E0C94220359
:100070000C9422030C9422030C9422030C9422036C
:100080000C94BF3F0C9422030C9422030C94220383
:100090000C9422030C9422030C9422030C9422034C
:1000A0000C9422030C9422030C9422030C9422033C
:1000B0000C9422030C9422030C9422030C9422032C
:1000C0000C9422030C9422030C9422030C9422031C
:1000D0000C9422030C9422030C9422030C9422030C
:1000E0000C942203084AD73B3BCE016E84BCBFFD73
:1000F000C12F3D6C74319ABD56833DDA3D00C77FF8
:1001000011BED9E4BB4C3E916BAAAABE0000008090
:100110003F05A84CCDB2D44EB93836A9020C50B91F
:10012000918688083CA6AAAA2ABE000000803F004B
:100130000C942D4D0C94A31F0C94BC200C94494C92
:100140000C94940A0C94741E0C94C81F0C94704563
:100150000C94D34D0C9465320C948D210C94701E2C
:100160000C944C150C9426200C94491E0C94674E4C
:100170000C94764C0C94B4090C945E140C949D1F52
:100180000C945B4D0C943A4C0C94C20A0C940C4D9C
:100190000C94994E0C9471130C9426210C94EF201E
:1001A0000C94651E0C9452450C9492090C94674C67
:1001B0000C946E0D0C947C450C947E1E0C94224D78
:1001C0000C949C210C947C210C94B9120C948E13E9
:1001D0000C94944C0C9456150C94A34C0C94ED1464
:1001E0000C9424080C940A130C944C450C947A1E1D
:1001F0000C94761E0C94B5320C9483090C948245B1
:100200000C940B080C94504D0C946C1E0C940733FA
:100210000C94540C0C94C2130C948B210C949809DC
:100220000C9478210C94CA320C941E1E0C94861ED9
:100230000C94884E0C9446450C94E10B0C94950A52
:100240000C9423120C94AD320C9464140C94584505
:100250000C94724E0C94691E0C9459200C949621A7
:100260000C946D4D0C9423150C94291F0C94C120F3
:100270000C9476200C94671E0C94BE090C94B32049
:100280000C948B090C9494130C94B8090C94870962
:100290000C94541E0C94B0090C944B4B0C94854C4C
:1002A0000C94F4120C94164E0C94C2090C943A213E
:1002B0000C942A280C940E1C0C947F4D0C94AE4D7B
:1002C0000C94F9310C94C34A0C94594B0C946D1E48
:1002D0000C944E210C94D91F0C9454140C94174D6B
:1002E0000C9492100C94A34D0C9476130C94EC3156
:1002F0000C942B0B0C94C51F0C943E0C0C947D4E4F
:100300000C9493210C94624B0C94384D0C94DF2088
:100310000C9495160C940D210C94821E0C944F1382
:100320000C94611E0C944B140C9476450C945F282D
:100330000C94914D0C946B140C946A450C94DC1243
:100340000C9453210C9420200C94C64A0C94AA09B6
:100350000C94A6090C940C4C0C94F9200C94AC133E
:100360000C942D130C94BD090C94454D0C946514FC
:100370000C94E5130C94780B0C94B24C0C945544EB
:100380000C94A2090C94D04C0C94FD4C0C94B332F8
:100390000C9444210C9403210C94D5200C94AF327E
:1003A0000C94C90B0C94894B0C941F080C94393392
:1003B0000C9404200C94F61E0C94E8440C94F81E43
:1003C0000C949C090C94D10A0C94EE4C0C940714D8
:1003D0000C948F090C9440400C94174B0C94B11260
:1003E0000C9428080C94E2310C942B4C0C9481163C
:1003F0000C94E7200C9484130C94A91F0C948C216A
:100400000C94C24D0C947B130C94F30A0C94461478
:100410000C94E50A0C9450200C94C0280C940145CF
:100420000C941D460C94C14C0C942E200C94E20BA1
:100430000C94DF150C946E140C94934E0C947D095F
:100440000C941C210C9441140C94CB200C94644506
:100450000C94FA180C94F41E0C945E450C9424161B
:100460000C94731E0C946B1E0C94D01F0C948A2158
:100470000C94584C0C94B1320C94DF4C0C943A45CB
:100480000C9430214E414E494E495459494E46CD67
:10049000CCCC3D0AD7233C17B7D13877CC2B32953B
:1004A00095E6241FB14F0A000020410000C8420019
:1004B000401C4620BCBE4CCA1B0E5AAEC59D7400E3
:1004C0000020002300260029002C002F003200000D
:1004D000010000030106010901000021002400279A
:1004E000002A002D00300033000101000004010744
:1004F000010A0100002200250028002B002E0031F7
:1005000000340002010000050108010B010505058A
:1005100005070508080808020202020A0A0808047A
:1005200004040401010101010101010303030303A8
:10053000030303040707070C0C0C0C0C0C0C0C0237
:1005400002020206060606060606060B0B0B0B0B3E
:100550000B0B0B0102102020080810204010204037
:100560008002010201080402010102040810204077
:100570008080402010080402018004020180402095
:1005800010080402010804020101020408102040BE
:1005900080010204081020408000000A0B02090CB0
:1005A0000D0E080703040100000000000000000019
:1005B000000000000000000000000000000000003B
:1005C00000000000001211100000000000000000F8
:1005D000000000000000000000000000000000001B
:1005E000404011241FBECFEFD1E2DEBFCDBF00E0FF
:1005F0000CBF12E1A0E0B2E0E8E7FFEB00E00BBFC8
:1006000002C007900D92A03DB107D9F72FE1A0EDF0
:10061000B2E101C01D92AC3AB207E1F712E0C1EFBE
:10062000D2E000E006C021970109802FFE010E9460
:100630000E5CC03FD10780E00807A9F70E94C441C3
:100640000C94BA5F0C940000EBE1F4E180E090E0E0
:10065000A0EAB2E480839183A283B38384839583E9
:10066000A683B78380E090E0A8ECB3E4808791870D
:10067000A287B38788E599E3AEE8B1E484879587DC
:10068000A687B78780E090E4ACE9B5E4808B918BD6
:10069000A28BB38B848B958BA68BB78B80E090E07D
:1006A000AAE7B4E4808F918FA28FB38F40E050E02F
:1006B00061E675E4448F558F668F778F40E050E098
:1006C0006AEF73E440A351A362A373A34AE057ED1A
:1006D00063E27CE344A355A366A377A340E050E024
:1006E00066E973E440A751A762A773A744A755A77B
:1006F00066A777A740E050E060E271E440AB51AB01
:1007000062AB73AB40E050E064EB73E444AB55ABD9
:1007100066AB77AB80AF91AFA2AFB3AF80E090E0B4
:10072000A8ECB2E484AF95AFA6AFB7AF80E090E09D
:10073000A0E4B0E480935B1490935C14A0935D14E8
:10074000B0935E1410925F1482E3809360148EE184
:100750008093611486E48093621486E990E090931C
:1007600064148093631480E8809365141092661477
:1007700010926714109268141092691410926A14FF
:1007800010926B1480E293E090936D1480936C143C
:1007900080E991E090936F1480936E1480E190E073
:1007A000909371148093701481E08093721483E0AD
:1007B00080937314809374141092751410927614AD
:1007C00008950F931F93CF93DF938C01C2E5D3E17C
:1007D00088819981DC01ED91FC91EC5BFF4F0190E8
:1007E000F081E02D67EA73E0199588819981DC0139
:1007F000ED91FC91EC5BFF4F0190F081E02DB80191
:10080000199588819981DC01ED91FC91EA5BFF4F9C
:100810000190F081E02D6CE077E0DF91CF911F91A6
:100820000F9119948091521390915313DC01ED9123
:10083000FC91EA5BFF4F0190F081E02D6EEA73E0DE
:100840001994CF938091521390915313DC01ED9141
:10085000FC9106A8F7A9E02D70E060E0199560937F
:100860001B1470931C1480931D1490931E1480917C
:10087000521390915313DC01ED91FC9106A8F7A956
:10088000E02D64E070E0199560931F1470932014BC
:1008900080932114909322148091521390915313BA
:1008A000DC01ED91FC9106A8F7A9E02D68E070E06D
:1008B00019956093231470932414809325149093B6
:1008C00026148091521390915313DC01ED91FC9109
:1008D00006A8F7A9E02D6CE070E019956093271445
:1008E000709328148093291490932A1480915213A2
:1008F00090915313DC01ED91FC9106A8F7A9E02D2E
:1009000060E170E0199560932B1470932C14809320
:100910002D1490932E148091521390915313DC0157
:10092000ED91FC9106A8F7A9E02D64E170E019951E
:1009300060932F1470933014809331149093321479
:100940008091521390915313DC01ED91FC9106A814
:10095000F7A9E02D68E170E0199560933314709366
:1009600034148093351490933614809152139091DF
:100970005313DC01ED91FC9106A8F7A9E02D6CE181
:1009800070E019956093371470933814809339147C
:1009900090933A148091521390915313DC01ED918E
:1009A000FC9106A8F7A9E02D60E270E0199560932C
:1009B0003B1470933C1480933D1490933E148091AB
:1009C000521390915313DC01ED91FC9106A8F7A905
:1009D000E02D64E270E0199560933F147093401429
:1009E0008093411490934214809152139091531329
:1009F000DC01ED91FC9106A8F7A9E02D68E270E01A
:100A00001995609343147093441480934514909304
:100A100046148091521390915313DC01ED91FC9197
:100A200006A8F7A9E02D6CE270E0199560934714D1
:100A3000709348148093491490934A1480915213F0
:100A400090915313DC01ED91FC9106A8F7A9E02DDC
:100A500060E370E0199560934B1470934C1480938D
:100A60004D1490934E148091521390915313DC01C6
:100A7000ED91FC9106A8F7A9E02D64E370E01995CB
:100A80006093531470935414809355149093561498
:100A90008091521390915313DC01ED91FC9106A8C3
:100AA000F7A9E02D68E370E01995609357147093EF
:100AB00058148093591490935A1480915213909122
:100AC0005313DC01ED91FC9106A8F7A9E02D6CE32E
:100AD00070E0199560935B1470935C1480935D14BF
:100AE00090935E148091521390915313DC01ED9119
:100AF000FC9102A8F3A9E02D60E470E019958093C1
:100B00005F148091521390915313DC01ED91FC918D
:100B100002A8F3A9E02D61E470E0199580936014B8
:100B20008091521390915313DC01ED91FC9102A836
:100B3000F3A9E02D62E470E019958093611480912F
:100B4000521390915313DC01ED91FC9102A8F3A98B
:100B5000E02D63E470E01995809362148091521344
:100B600090915313DC01ED91FC9102A8F3A9E02DC3
:100B700064E470E01995C82F80915213909153133B
:100B8000DC01ED91FC9102A8F3A9E02D65E470E091
:100B90001995982F8C2F90936414809363148091EF
:100BA000521390915313DC01ED91FC9102A8F3A92B
:100BB000E02D66E470E019958093651480915213DE
:100BC00090915313DC01ED91FC9102A8F3A9E02D63
:100BD00067E470E0199580936614809152139091A8
:100BE0005313DC01ED91FC9102A8F3A9E02D68E418
:100BF00070E0199591E0811101C090E09093671425
:100C00008091521390915313DC01ED91FC9102A855
:100C1000F3A9E02D69E470E0199591E0811101C01C
:100C200090E0909368148091521390915313DC01DB
:100C3000ED91FC9102A8F3A9E02D6AE470E019950A
:100C400091E0811101C090E090936914809152135A
:100C500090915313DC01ED91FC9102A8F3A9E02DD2
:100C60006BE470E0199591E0811101C090E09093E0
:100C70006A148091521390915313DC01ED91FC9111
:100C800002A8F3A9E02D6CE470E0199580936B1431
:100C90008091521390915313DC01ED91FC9102A8C5
:100CA000F3A9E02D6DE470E01995C82F80915213DF
:100CB00090915313DC01ED91FC9102A8F3A9E02D72
:100CC0006EE470E01995982F8C2F90936D1480939B
:100CD0006C148091521390915313DC01ED91FC91AF
:100CE00002A8F3A9E02D6FE470E01995C82F809158
:100CF000521390915313DC01ED91FC9102A8F3A9DA
:100D0000E02D60E570E01995982F8C2F90936F146B
:100D100080936E148091521390915313DC01ED91E6
:100D2000FC9102A8F3A9E02D61E570E01995C82FA8
:100D30008091521390915313DC01ED91FC9102A824
:100D4000F3A9E02D62E570E01995982F8C2F909310
:100D50007114809370148091521390915313DC019D
:100D6000ED91FC9102A8F3A9E02D63E570E01995DF
:100D700091E0811101C090E0909372148091521320
:100D800090915313DC01ED91FC9102A8F3A9E02DA1
:100D900064E570E0199580937314809152139091DB
:100DA0005313DC01ED91FC9102A8F3A9E02D65E558
:100DB00070E019958093741480915213909153139D
:100DC000DC01ED91FC9102A8F3A9E02D66E570E04D
:100DD0001995809375148091521390915313DC01EF
:100DE000ED91FC9102A8F3A9E02D67E570E019955B
:100DF00080937614CF9108952F923F924F925F92F5
:100E00006F927F928F929F92AF92BF92CF92DF921A
:100E1000EF92FF920F931F93CF93DF9300D000D0F8
:100E2000CDB7DEB7382E29833A834B835C83270105
:100E30003801DE82CD828501A82FB0E0FD01E7599F
:100E4000FC4F20808091521390915313AB59BC4FAB
:100E5000FC0120813181F90120853185462F6C917B
:100E6000F90119958091521390915313DC01ED9182
:100E7000FC91E25AFF4F0190F081E02D49E150E0F2
:100E800060E070E0199520E030E040EA52E46981CA
:100E90007A818B819C810E94D8579B01AC0160E0D4
:100EA00074E284E799E40E940D5A0E94865A6431E4
:100EB00071058105910520F464E170E080E090E027
:100EC000C12CD12C76014B015C01B3E08B1A910847
:100ED000A108B108C414D504E604F70409F451C00C
:100EE0008091831581114DC0ED81FE81EF2B09F0BA
:100EF00040C08091521390915313DC01ED91FC910D
:100F00000084F185E02D41E0622D19958091521306
:100F100090915313DC01ED91FC91E25AFF4F019047
:100F2000F081E02D43E050E060E070E019958091A1
:100F3000521390915313DC01ED91FC910084F185E3
:100F4000E02D40E0622D199580915213909153133A
:100F5000DC01ED91FC91E25AFF4F0190F081E02D10
:100F6000B501A4011995BFEFCB1ADB0AEB0AFB0A06
:100F7000B1CFB801832DED81FE811995882309F445
:100F8000B8CF26960FB6F894DEBF0FBECDBFDF9167
:100F9000CF911F910F91FF90EF90DF90CF90BF9076
:100FA000AF909F908F907F906F905F904F903F9009
:100FB0002F900895CF938091521390915313DC0199
:100FC000ED91FC910284F385E02D63E01995C82F23
:100FD0008091521390915313DC01ED91FC910284A6
:100FE000F385E02D6EE0199591E0C927811101C0CC
:100FF000C4608091521390915313DC01ED91FC91E8
:101000000284F385E02D62E11995811101C0C06170
:101010008C2FCF910895CF93C82F0E94DA07C1304B
:1010200051F030F082958170C23019F080E001C03B
:101030008170CF91089582FB882780F9FACF0E94B2
:101040000B0891E08927089581E08093511308955A
:101050008091511308953F924F925F926F927F92C9
:101060008F929F92AF92BF92CF92DF92EF92FF92B8
:101070000F931F93CF93DF93CDB7DEB764970FB66F
:10108000F894DEBF0FBECDBFFC016B014A018B019E
:10109000CA019B01205F3F4FD8014D915D916D9139
:1010A0007D918D01DC014D935D936D937D93CD0119
:1010B0000217130789F78E010F5F1F4F80E1D801D8
:1010C0001D928A95E9F7198A1A8A1B8A1C8A80A9B7
:1010D000882351F084819581A681B78189839A8381
:1010E000AB83BC8381E0898B81A9882351F0808503
:1010F0009185A285B3858D839E83AF83B88781E078
:101100008A8B82A9882351F084859585A685B78529
:1011100089879A87AB87BC8781E08B8B83A98823DB
:1011200051F080899189A289B3898D879E87AF8785
:10113000B88B81E08C8B80919C1F882321F1FE016C
:1011400071965F0178013E01F5E16F0E711CD501CA
:101150008D915D01882389F023E333E34BEC51E467
:10116000F70160817181828193810E94D857D701F4
:101170006D937D938D939C931397B4E0EB0EF11CCC
:10118000A614B70421F730909B1FFE0171962F0122
:10119000F12CE12CD2018D912D01882311F1F80160
:1011A000608171818281938134016E0C7F1C3320B8
:1011B000C9F1970129573A4E5901D9012D913D9115
:1011C0004D915C910E941359F50120893189428922
:1011D00053890E941359D3016D937D938D939C93F2
:1011E00013970C5F1F4FF4E0EF0EF11C20E1E216A5
:1011F000F10481F664960FB6F894DEBF0FBECDBF42
:10120000DF91CF911F910F91FF90EF90DF90CF90E2
:10121000BF90AF909F908F907F906F905F904F9016
:101220003F9008959B01AC01F601EE0DFF1D60811A
:101230007181828193810E941359F30160837183CC
:1012400082839383CECFA0915213B0915313ED912B
:10125000FC911197EA5BFF4F0190F081E02DBC01FA
:10126000CD0119940F931F93CF93DF93582FFC0157
:1012700080E077E0919148E0282F30E0A92FB0E09E
:101280008901000F012F001F110B9170C92F90E0F1
:10129000D92F880F0C171D0721F0C901880F991F3E
:1012A0008727B595A7959A2F415031F79E2F951B0B
:1012B000961700F3DF91CF911F910F910895815000
:1012C000823108F05AC0E82FF0E08827E559F64F40
:1012D0008F4F0C940E5C8B098F097D098309870958
:1012E000BD09920998099C09A209A609AA09B00991
:1012F000B409BD09B809BE09C209809180008F7781
:10130000809380000895809180008F7DF9CF809137
:101310008000877FF5CF84B58F7784BD089584B52D
:101320008F7DFBCF8091B0008F778093B0000895C0
:101330008091B0008F7DF9CF809190008F7780935E
:1013400090000895809190008F7DF9CF809190005A
:10135000877FF5CF8091A0008F778093A0000895BC
:101360008091A0008F7DF9CF8091A000877FF5CF7D
:10137000809120018F778093200108958091200132
:101380008F7DF9CF80912001877FF5CF1F93CF9379
:10139000DF93282F30E0F901E756FA4F8491F901E5
:1013A000ED5AFA4FD491F901E35FFA4FC491CC237F
:1013B000A9F0162F81110E945F09EC2FF0E0EE0FCB
:1013C000FF1FED50FB4FA591B4918FB7F894EC91AE
:1013D000111108C0D095DE23DC938FBFDF91CF9130
:1013E0001F910895DE2BF8CFCF93DF9390E0FC019F
:1013F000ED5AFA4F2491835F9A4FFC018491882320
:10140000C9F090E0880F991FFC01E752FB4FA591AE
:10141000B491FC01ED50FB4FC591D49161110DC009
:101420009FB7F8948C91209582238C9388812823F0
:1014300028839FBFDF91CF910895623051F49FB709
:10144000F8943C91822F809583238C93E8812E2BF6
:10145000EFCF8FB7F894EC912E2B2C938FBFEACF60
:101460003FB7F89480914D1390914E13A0914F1374
:10147000B091501326B5A89B05C02F3F19F00196D7
:10148000A11DB11D3FBFBA2FA92F982F8827BC01DE
:10149000CD01620F711D811D911D42E0660F771F06
:1014A000881F991F4A95D1F708958F929F92AF9206
:1014B000BF92CF92DF92EF92FF926B017C010E946C
:1014C000300A4B015C01C114D104E104F104B9F00C
:1014D0000E94300A681979098A099B09683E73409D
:1014E0008105910580F321E0C21AD108E108F108D5
:1014F00088EE880E83E0981EA11CB11CE4CFFF90FB
:10150000EF90DF90CF90BF90AF909F908F90089515
:101510002FB7F8946091491370914A1380914B133F
:1015200090914C132FBF08950895AF92BF92CF9220
:10153000DF92EF92FF920F931F93CF93DF936C0193
:101540007B018B01040F151FEB015E01AE18BF0874
:10155000C017D10759F06991D601ED91FC91019026
:10156000F081E02DC6011995892B79F7C501DF912E
:10157000CF911F910F91FF90EF90DF90CF90BF9090
:10158000AF900895FC01538D448D252F30E0842FBA
:1015900090E0821B930B541710F0CF96089501979B
:1015A0000895FC01918D828D981761F0A28DAE0F88
:1015B000BF2FB11D5D968C91928D9F5F9F73928F0F
:1015C00090E008958FEF9FEF0895FC01918D828D3B
:1015D000981731F0828DE80FF11D858D90E0089508
:1015E0008FEF9FEF0895FC01918D228D892F90E060
:1015F000805C9F4F821B91098F739927089584E522
:1016000093E10E94F30A21E0892B09F420E0822F64
:101610000895FC01A48DA80FB92FB11DA35ABF4F87
:101620002C91848D90E001968F739927848FA689E1
:10163000B7892C93A089B1898C91837080648C9335
:10164000938D848D981306C00288F389E02D8081E4
:101650008F7D80830895EF92FF920F931F93CF9316
:10166000DF93EC0181E0888F9B8D8C8D98131AC0DD
:10167000E889F989808185FF15C09FB7F894EE89C4
:10168000FF896083E889F989808183708064808321
:101690009FBF81E090E0DF91CF911F910F91FF906C
:1016A000EF900895F62E0B8D10E00F5F1F4F0F7314
:1016B0001127E02E8C8D8E110CC00FB607FCFACFCF
:1016C000E889F989808185FFF5CFCE010E94090B59
:1016D000F1CFEB8DEC0FFD2FF11DE35AFF4FF082A0
:1016E0009FB7F8940B8FEA89FB8980818062CFCF06
:1016F000CF93DF93EC01888D8823B9F0AA89BB8949
:10170000E889F9898C9185FD03C0808186FD0DC033
:101710000FB607FCF7CF8C9185FFF2CF808185FF54
:10172000EDCFCE010E94090BE9CFDF91CF91089553
:1017300080E090E0892B29F00E94FF0A81110E942D
:10174000000080E090E0892B49F080E090E0892B58
:1017500029F00E94000081110E94000080E090E0CA
:10176000892B49F080E090E0892B29F00E9400004D
:1017700081110E94000080E090E0892B49F080E018
:1017800090E0892B29F00E94000081110C94000048
:10179000089520911D1330911E132817390771F4F5
:1017A00090911C1380911B13981741F0E0911C132A
:1017B000F0E0E552FD4E808190E008958FEF9FEFBD
:1017C00008950895EF92FF920F931F93CF93DF93A5
:1017D000DC015C96ED90FC905D97E114F10479F4E6
:1017E00081E090E013969C938E93129790E080E0B6
:1017F000DF91CF911F910F91FF90EF900895519637
:10180000ED91FC91529750968C915097982F90950E
:101810000FB75E962C915E97122F127021FD609586
:10182000F8942081112319F1282B2083E7012197B7
:10183000F1F728E0462F50E0308160FF1AC0382BC6
:101840003083E7012197F1F7BA017595679521502B
:1018500089F7112381F08081892380830FBF5C96F3
:101860008D919C910197F1F781E090E0C1CF292300
:10187000DCCF3923E5CF9081892BEFCF20911D1349
:1018800030911E132817390761F480911B132091A2
:101890001C1390E0805C9F4F821B91098F739927E6
:1018A000089590E080E0089520911D1330911E135B
:1018B00028173907B9F490911C1380911B139817BE
:1018C00089F0E0911C13F0E0E552FD4E80812091FB
:1018D0001C1330E02F5F3F4F2F73332720931C13CF
:1018E00090E008958FEF9FEF0895E0911D13F09120
:1018F0001E13E817F90769F4A389B4899C918589B7
:10190000809589238C9310921E1310921D1381E0F1
:10191000089580E00895CF93DF93EC018A8D9B8D2D
:10192000892B01F180911D1390911E138C179D0737
:10193000C9F0009711F00E94750C8E8D8E7F8E8FEE
:1019400010921B1310921C13D0931E13C0931D13DF
:10195000EB89FC8980819D89892B808381E0DF91DF
:10196000CF91089580E0FBCFCF93DF93EC019A01F4
:10197000AB011B8E1A8E198E188E1F8A1E8A60E08C
:1019800079E08DE390E00E94AF58B901C901039757
:101990002430310510F481E090E09D8F8C8F8C8590
:1019A00096EF980F943048F0EEECE80FE43028F012
:1019B000E2ECE80FE83008F069C0F901F695E79528
:1019C000E431F10508F467C07397FF8BEE8B663046
:1019D000710508F463C0B90165507109798F688F8A
:1019E000B901660F771F260F371F36952795369555
:1019F00027952D30310508F454C02C5031093B8F08
:101A00002A8F943050F02EEC280F243030F022EC46
:101A1000280FF0E0E0E0283010F4E8E6F0E0208164
:101A2000943028F032EC380F383008F43DC031E003
:101A3000232B943048F09EEC980F943028F08E536E
:101A4000F0E0E0E0883010F4E8E6F0E020832C8558
:101A500036EF320F343050F18EEC820F843030F19B
:101A600082EC820F883028F190E080E09C8B8B8B99
:101A7000343010F52650330B81E001C0880F2A95D1
:101A8000EAF78D8B8C8D9D8D0197F1F7CE01DF915B
:101A9000CF910C948B0CE1E0F0E097CF61E070E027
:101AA0009DCF21E030E0ABCF34E0C2CF8BE690E0B9
:101AB000DDCF8DE690E0DACF88E0223311F384E0C9
:101AC0002333F9F282E02433E1F282EC820F883092
:101AD00018F42E53330BD0CF81E0D3CF90E080E0C9
:101AE00008956031710509F441C088F462307105D0
:101AF00009F454C020F4672B09F458C008956430E9
:101B0000710509F443C068307105C1F1089560346E
:101B10007105E1F020F46032710501F1089560383B
:101B2000710561F06115714009F048C0DC01ED916B
:101B3000FC910288F389E02D60E01994DC01ED91BD
:101B4000FC910288F389E02D61E0F7CFDC01ED9193
:101B5000FC910288F389E02D62E0EFCFDC01ED918A
:101B6000FC910288F389E02D63E0E7CFDC01ED9181
:101B7000FC910288F389E02D64E0DFCFDC01ED9178
:101B8000FC910288F389E02D65E0D7CFDC01ED916F
:101B9000FC910288F389E02D66E0CFCFDC01ED9166
:101BA000FC910288F389E02D67E0C7CFDC01ED915D
:101BB000FC910288F389E02D68E0BFCF0895CF92B1
:101BC000DF92EF92FF921F93CF93DF93EC0190E0AF
:101BD00080E00E94775725ED34E045E352E40E940F
:101BE000D85720E030E04AE754E40E940D5A6B01D8
:101BF0007C012AE037ED43EA5CE369857A858B85D1
:101C00009C850E941359A70196010E94D85726E689
:101C100036E646EA5EE30E940D5A20E030E040E8F6
:101C20005FE30E9412590E94865A162FE881F981BB
:101C30000480F581E02D603108F060C061E0CE01E4
:101C400019952AE037ED43EA5CE369857A858B854F
:101C50009C850E941359A70196010E94D8572CEE2B
:101C600031E548E35EE30E940D5A20E030E040E8B1
:101C70005FE30E9412590E94865A162F103208F014
:101C80001FE1912F9F718B81807E892B8B832A810D
:101C9000382F8C81482F4F7050E0E881F9810190F6
:101CA000F081E02D60E1CE011995612F70E090E0A8
:101CB00080E00E9479572D853E854F8558890E9486
:101CC000D8570E94865A862F8F716A81607E682B52
:101CD0006A83262F3B818C81482F4F7050E0E8812A
:101CE000F9810190F081E02D60E1CE01DF91CF918B
:101CF0001F91FF90EF90DF90CF90199460E0CE019C
:101D00001995BCCFFC01A4A5B5A5109749F0ED919C
:101D1000FC9111970190F081E02DCD011995089566
:101D200082A593A5009739F0DC01ED91FC9101901B
:101D3000F081E02DF3CF80E00895FC01A4A5B5A5C6
:101D4000109741F0ED91FC9111970284F385E02DFD
:101D5000CD01199482A593A5009739F0DC01ED918E
:101D6000FC910284F385E02DF4CF90E080E00895AB
:101D7000FC01A4A5B5A5109741F0ED91FC91119738
:101D80000084F185E02DCD01199482A593A50097DB
:101D900039F0DC01ED91FC910084F185E02DF4CF68
:101DA00090E080E00895CF93DF93EC018CA59DA592
:101DB000009751F040E052EC61E070E00E94B40CFA
:101DC0008CA59DA50E94750C8EA59FA5009739F046
:101DD00061E00E94C60961E08EA50E94F409888D29
:101DE0008064888F282F898D382F337050E040E031
:101DF000E881F9810190F081E02D60E0CE01199534
:101E0000888D8068888F282F898D382F337050E017
:101E100040E0E881F9810190F081E02D60E0CE01A1
:101E2000DF91CF911994CF92DF92EF92FF920F93AF
:101E30001F93CF93DF93EC018B0120E03FEF4FE73F
:101E400057E469857A858B859C850E94D8570E94C6
:101E5000865A9B01A1E4BDE20E940359272F382F27
:101E6000492F5527D8010E94CE586B017C011FE1F4
:101E7000A12FB0E011962EEF34E441E050E00E9433
:101E8000D9589B01AC01C701B6010E94E1582F3F10
:101E900031054105510511F008F05AC020383105CF
:101EA0004105510508F41150DA01C9010197A10952
:101EB000B1098F379105A105B105D0F2103208F0B4
:101EC0001FE12CAFE881F9810190F081E02D6BE0FA
:101ED000CE011995912F9F718B81807E892B8B83E9
:101EE0002A81382F8C81482F4F7050E0E881F9818A
:101EF0000190F081E02D60E1CE011995612F70E035
:101F000090E080E00E9479572D853E854F85588965
:101F10000E94D8570E94865A862F8F716A81607EF0
:101F2000682B6A83262F3B818C81482F4F7050E0AD
:101F3000E881F9810190F081E02D60E1CE01DF912F
:101F4000CF911F910F91FF90EF90DF90CF90199458
:101F500020E030E0A901A8CF1F93CF93DF93DC01ED
:101F6000D396ED91FC91309709F45BC0A585B685B9
:101F70009C918085809589238C9327E030E070E0E8
:101F8000A62FB0E0122FC185D2859681AD01022E19
:101F900002C0559547950A94E2F7888140FF3BC0FF
:101FA000982B9883C585D68588819085892B8883D1
:101FB000C385D48588819781892341E050E009F465
:101FC00040E001C0440F1A95EAF7742BC585D68509
:101FD000888190859095982398832150310991F6B6
:101FE000A185B28596818C9160FF18C0982B9C9337
:101FF000A585B6858C919085892B8C93A385B48516
:102000009C918781982381E009F480E0872BDF9100
:10201000CF911F91089590959823C3CF90959823C1
:10202000E6CF6EBD00000DB407FEFDCF8EB5EFCF3D
:102030000F931F93CF93DF938C01D62FC0E060E006
:10204000C8010E94AC0FCF5FDC13F9CFDF91CF91B5
:102050001F910F9108950895FC0181A90C94C60960
:10206000CF93DF93EC0161E088810E94F40961E085
:102070008C810E94F40962E08A810E94F4094881FF
:102080005981FA01E35FFA4FE491F0E0EE0FFF1F90
:10209000ED50FB4F859194919A8789872A813B81E6
:1020A000F901E35FFA4FE491F0E0EE0FFF1FE15416
:1020B000FB4F859194919C878B876C817D81FB017F
:1020C000E35FFA4F8491E82FF0E0EE0FFF1FED5031
:1020D000FB4FA591B491BE87AD87FA01ED5AFA4F37
:1020E000E491EE83F901ED5AFA4FE491EF83FB019D
:1020F000ED5AFA4FE491E8876C91E62BEC93DF916F
:10210000CF910895CF93DF93EC016C81617088814A
:102110000E94C6096C81669561708A81DF91CF91BA
:102120000C94C6092F923F924F925F926F927F92CA
:102130008F929F92AF92BF92CF92DF92EF92FF92D7
:102140000F931F93CF93DF93CDB7DEB761970FB691
:10215000F894DEBF0FBECDBF1C011C861B8685E038
:102160008987F10182A98A876B8763E0CE0109968E
:102170000E9432098C87F2E0F98B9E01235F3F4F6A
:102180003E872D87F10184A595A5009761F00E94F7
:102190008B0CC1010E94B80E181619067CF4C101FF
:1021A0000E949D0EF6CF82A593A5892B91F380A95D
:1021B00091A9009771F30E948210EBCFF10186A5DF
:1021C00097A5009741F061E00E94C60961E0F10126
:1021D00086A50E94F4098E01075F1F4FF8016191E7
:1021E0008F01C1010E94820E2D853E8502171307C3
:1021F000A9F7F10186A597A5009719F062E00E9462
:10220000F40962E070E080E090E00E94550A0E94CC
:10221000880A2B013C018985CB84D12CF12CE12C3F
:10222000DD24DA94E82A812C912C540105E010E099
:102230000E94880A641575058605970531F00150DE
:10224000110909F474C02B013C01C1010E949D0ECB
:1022500097FD0FC07A2D692D582D44274C019924E4
:10226000092C000CAA08BB08842A952AA62AB72A9A
:10227000BB24C814D904EA04FB04D1F626013701B3
:10228000812C912C54010E94880A6B017C0125E06D
:1022900030E0388B2F8710E00E94880A6C157D058E
:1022A0008E059F0549F0EF85F8893197F88BEF8708
:1022B000EF2BE9F16B017C01C1010E949D0EDC0155
:1022C00097FD1CC09201A301B401C50108E00E9462
:1022D000165CBB27EB2FEE0FEE0B422E4A2A532E35
:1022E0005B2A6E2E642A7E2E752A8E2E862A9E2EBC
:1022F000972AAE2EA82ABE2EB92A1F5F153061F686
:10230000F10186A597A5009741F061E00E94C609FA
:1023100061E0F10186A50E94F409C1010E94B80E96
:102320001816190664F4C1010E949D0EF6CF412CC7
:10233000512C612C712C812C912CA12CB12CF101F0
:1023400084A595A5009711F00E94750C62E070E0DD
:1023500080E090E00E94550AF101178A9201A301E2
:10236000B401C50108E30E94315C29839201A301F5
:10237000B401C50100E30E94315C2A839201A301EC
:10238000B401C50108E20E94315C2B839201A301D4
:10239000B401C50100E20E94315C2C839201A301CB
:1023A000B401C50108E10E94315C2D839201A301B3
:1023B000B401C50100E10E94315C2E839201A301AA
:1023C000B401C50108E00E94315C2F83488667E0B4
:1023D000CE0101960E943209481202C0411011C07C
:1023E00081E0F101878BF989F13019F021E0298B27
:1023F000C9CE412C512C612C712C812C912CA12CFB
:10240000B12C9201A301B401C50108E00E94315C26
:10241000B901CA0161960FB6F894DEBF0FBECDBFF9
:10242000DF91CF911F910F91FF90EF90DF90CF90B0
:10243000BF90AF909F908F907F906F905F904F90E4
:102440003F902F900895CF92DF92EF92FF920F93DB
:102450001F93CF93DF9300D000D01F921F92CDB770
:10246000DEB77C0118861F8285E08983F70182A987
:102470008A8360686B835C834D833E832F8367E030
:10248000CE0101960E9432098887F70182A593A5A3
:10249000892B31F080A991A9009711F00E94821038
:1024A0008E010F5F1F4F6E01F9E0CF0ED11CF801B6
:1024B00061918F01C7010E94820EF7012189328943
:1024C000820F932F911D928B818B0C151D0579F72F
:1024D00062E070E080E090E00E94550A28960FB616
:1024E000F894DEBF0FBECDBFDF91CF911F910F914A
:1024F000FF90EF90DF90CF900895DC0158964C91BB
:10250000589760FB42F958964C935897242F599648
:102510004C915997342F337050E040E0ED91FC918D
:102520000190F081E02D60E01994DC0152968C91CD
:10253000529760FB82F952968C935297282F5396AC
:102540003C91539754968C915497482F437050E088
:10255000ED91FC9111970190F081E02D60E0CD01AB
:102560001994DC01ED91FC910280F381E02D6FE67E
:102570001994DC01ED91FC910280F381E02D6FE66E
:102580001994DC016F7798964C9198974078462B78
:1025900098964C93989796962C91969797963C91EF
:1025A000979799965C9199975170ED91FC91019054
:1025B000F081E02D6DE61994262F2F70DC019596A1
:1025C0006C919597607F622B95966C9395979296F8
:1025D0002D913D914D915C919597ED91FC910190DC
:1025E000F081E02D6CE61994DC0194962C9194977F
:1025F00060FB21F994962C93949792962D913D919E
:102600004D915C919597ED91FC910190F081E02DB9
:102610006CE61994DC0193968C91939760FB87F993
:1026200093968C93939761FB882780F994966C918D
:1026300094976E7F682B94966C93949792962D91B5
:102640003D914D915C919597ED91FC911197019081
:10265000F081E02D6CE6CD011994DC0192968C910D
:10266000929760FB87F992968C9392976695677024
:1026700093968C919397887F682B93966C939397FE
:1026800092962D913D914D915C919597ED91FC9194
:1026900011970190F081E02D6CE6CD0119946770DF
:1026A000262F2295207FDC0192966C9192976F786D
:1026B000622B92966C93929792962D913D914D91AB
:1026C0005C919597ED91FC910190F081E02D6CE685
:1026D0001994DC01ED91FC910280F381E02D6CE610
:1026E00019940E946913892F8F7008950E946913AD
:1026F0008695817008950E946913771F7727771F49
:102700008170880F872B08950E946913862F881F78
:102710008827881F7770770F872B08950E94691389
:10272000862F829587700895262F2F70DC0195964D
:102730006C919597607F622B95966C939597929686
:102740002D913D914D915C919597ED91FC9101906A
:10275000F081E02D6CE61994DC0194962C9194970D
:1027600060FB21F994962C93949792962D913D912C
:102770004D915C919597ED91FC910190F081E02D48
:102780006CE61994DC0193968C91939760FB87F922
:1027900093968C93939761FB882780F994966C911C
:1027A00094976E7F682B94966C93949792962D9144
:1027B0003D914D915C919597ED91FC911197019010
:1027C000F081E02D6CE6CD011994DC0192968C919C
:1027D000929760FB87F992968C93929766956770B3
:1027E00093968C919397887F682B93966C9393978D
:1027F00092962D913D914D915C919597ED91FC9123
:1028000011970190F081E02D6CE6CD01199467706D
:10281000262F2295207FDC0192966C9192976F78FB
:10282000622B92966C93929792962D913D914D9139
:102830005C919597ED91FC910190F081E02D6CE613
:102840001994262F2F70DC0192966C919297607FDD
:10285000622B92966C93929792962D913D914D9109
:102860005C919597ED91FC910190F081E02D6CE6E3
:102870001994DC01ED91FC910280F381E02D6CE66E
:1028800019940E943914892F8F7008950E94391469
:102890008695817008950E943914771F7727771FD6
:1028A0008170880F872B08950E943914862F881F06
:1028B0008827881F7770770F872B08950E94391417
:1028C000862F8295877008950895FC016685778527
:1028D000808991890895FC01858508958F929F9242
:1028E000AF92BF92CF92DF92EF92FF920F931F931E
:1028F000CF93DF93EC016A017B0120E030E0A90176
:10290000CB01B6010E94725787FD4FC020E030E036
:102910004FE753E4C701B6010E945C5B18160CF444
:1029200048C0CB82DC82ED82FE828A81882309F452
:1029300047C06F8170E090E080E00E9477574B01C4
:102940005C010091521310915313688570E090E080
:1029500080E00E947757A50194010E941259A701B7
:1029600096010E94D85720E030E04FE753E40E94E0
:102970000D5AA50194010E9413590E94865A462FB0
:10298000D801ED91FC910288F389E02D6BE0C8013C
:10299000DF91CF911F910F91FF90EF90DF90CF903B
:1029A000BF90AF909F908F901994C12CD12C76013D
:1029B000B8CFC12CD12C8FE7E82E83E4F82EB1CF0D
:1029C000DF91CF911F910F91FF90EF90DF90CF900B
:1029D000BF90AF909F908F900895CF92DF92EF922B
:1029E000FF92CF93DF93EC016A017B0120E030E09E
:1029F000A901CB01B6010E94725787FD11C020E0EA
:102A000030E04FE753E4C701B6010E945C5B181643
:102A100054F4C12CD12C8FE7E82E83E4F82E03C0A8
:102A2000C12CD12C7601CE86DF86E88AF98AB701DF
:102A3000A601CE010296DF91CF91FF90EF90DF903B
:102A4000CF900C946E140F931F93CF93DF93EC01F0
:102A500002E513E1D8018D919C91DC01ED91FC918F
:102A60000288F389E02D4F816BE01995F801808190
:102A7000918149855A8570E060E0DC01ED91FC911F
:102A8000E45AFF4F0190F081E02D19951A82DF91F1
:102A9000CF911F910F910895CF93DF93EC01029690
:102AA0000E9423151D86DF91CF9108958F929F92EA
:102AB000AF92BF92CF92DF92EF92FF92CF93DF93CC
:102AC000EC016A017B0120E030E0A901CB01B601F5
:102AD0000E945C5B87FD18C020E030E0A901C701BF
:102AE000B6010E94725787FD5FC020E030E04FE7DB
:102AF00053E4C701B6010E945C5B18160CF458C081
:102B0000CB82DC82ED82FE826F8170E090E080E01B
:102B10000E9477574B015C01E0905213F0905313E1
:102B2000688570E090E080E00E947757A5019401ED
:102B30000E9412592B813C814D815E810E94D857A1
:102B400020E030E04FE753E40E940D5AA5019401C4
:102B50000E9413590E94865A462FD701ED91FC918D
:102B60000288F389E02D6BE0C7011995809152131B
:102B70009091531349855A8570E060E0DC01ED9136
:102B8000FC91E45AFF4F0190F081E02D199581E00E
:102B90008A83DF91CF91FF90EF90DF90CF90BF902D
:102BA000AF909F908F900895C12CD12C7601A8CF23
:102BB000C12CD12C8FE7E82E83E4F82EA1CFCF9241
:102BC000DF92EF92FF92CF93DF93EC016A017B01DA
:102BD00020E030E0A901CB01B6010E945C5B87FDDB
:102BE00017C020E030E0A901C701B6010E9472576A
:102BF00087FD1FC020E030E04FE753E4C701B60176
:102C00000E945C5B1816CCF0CE86DF86E88AF98AD3
:102C10004E855F8568897989CE0102960E94561596
:102C200081E08D87DF91CF91FF90EF90DF90CF9083
:102C30000895C12CD12C7601E7CFC12CD12C8FE780
:102C4000E82E83E4F82EE0CFCF92DF92EF92FF924E
:102C5000CF93DF93EC016A017B0120E030E0A90112
:102C6000CB01B6010E94725787FD39C020E030E0E9
:102C70004FE753E4C701B6010E945C5B18169CF154
:102C8000CB82DC82ED82FE828A81882399F1C09119
:102C90005213D091531320E030E048EC52E4C701C6
:102CA000B6010E94D85720E030E04FE753E40E947D
:102CB0000D5A20E030E0A9010E9413590E94865A63
:102CC000462FE881F9810484F585E02D69E0CE0185
:102CD000DF91CF91FF90EF90DF90CF901994C12CAE
:102CE000D12C7601CDCFC12CD12C8FE7E82E83E4F7
:102CF000F82EC6CFDF91CF91FF90EF90DF90CF906D
:102D00000895CF93DF93EC01809152139091531368
:102D1000DC01ED91FC910484F585E02D40E069E053
:102D200019951A82DF91CF910895CF92DF92EF9299
:102D3000FF92CF93DF93EC016A017B0120E030E04A
:102D4000A901CB01B6010E945C5B87FD18C020E0A1
:102D500030E0A901C701B6010E94725787FD5BC030
:102D600020E030E04FE753E4C701B6010E945C5B0E
:102D700018160CF454C0CB82DC82ED82FE82809166
:102D8000521390915313DC01ED91FC910484F5856D
:102D9000E02D4FEF69E019958091521390915313F4
:102DA000DC01ED91FC91E45AFF4F0190F081E02DA0
:102DB00042E350E060E070E01995E0905213F0902B
:102DC000531320E030E048EC52E46B817C818D812C
:102DD0009E810E94D85720E030E04FE753E40E94E4
:102DE0000D5A20E030E0A9010E9413590E94865A32
:102DF000462FD701ED91FC910484F585E02D69E023
:102E0000C701199581E08A83DF91CF91FF90EF9000
:102E1000DF90CF900895C12CD12C7601ACCFC12C7E
:102E2000D12C8FE7E82E83E4F82EA5CFAF92BF9286
:102E3000CF92DF92EF92FF920F931F93CF93DF9386
:102E40008C0190E080E00E9477576B017C01B80113
:102E500090E080E00E9477579B01AC01C701B6016A
:102E60000E940D5A6B017C018EE5A82E83E0B82EDE
:102E7000CFE1D3E1F50181915F019EEF980F94308E
:102E800090F4843021F1853029F18330E9F0888194
:102E90009981009741F0FC01C586D686E786F08AC5
:102EA000B8010E94DF0D2896F2E6AF16F3E0BF06E8
:102EB00009F7DF91CF911F910F91FF90EF90DF9075
:102EC000CF90BF90AF9008958A819B81E2CF8C8193
:102ED0009D81DFCF8E819F81009729F3FC01C586FC
:102EE000D686E786F08AB8010E94130FDCCF8F9256
:102EF0009F92AF92BF92DF92EF92FF920F931F9338
:102F0000CF93DF93C82FD0E0FE01E25AFC4FD08070
:102F10008DEF8D0D833008F061C1F62E00916C1499
:102F200010916D14E090721460916E1470916F1492
:102F300090E080E00E9477574B015C01B80190E07F
:102F400080E00E9477579B01AC01C501B4010E944B
:102F50000D5AAB01BC0183E0CC0FDD1F8A95E1F770
:102F600084E0D81609F47AC0A5E0C15EDC4EDA161A
:102F700009F4E3C08A819B81009709F42FC1FF20E7
:102F800009F442C064EF71E00E94DF0D8A819B81E9
:102F900022E3FC0126AB0190F081E02D0190F0814D
:102FA000E02D22E330E040E050E060E4199561E07C
:102FB0008A819B810E947D12AA81BB818FEFD3966B
:102FC0008C93D397D4968C93D497D5968C91D59790
:102FD0008F60D5968C93D597ED91FC9111970190C8
:102FE000F081E02D2FEF3FEF4FE050E064E1CD01A5
:102FF000DF91CF911F910F91FF90EF90DF90BF90E5
:10300000AF909F908F901994DC011D964D935D9326
:103010006D937C935097B8010E94DF0D8A819B814C
:10302000FC0116AA0190F081E02D0190F081E02DC5
:1030300020E030E0A90160E4199561E06E258A8105
:103040009B81DF91CF911F910F91FF90EF90DF90C7
:10305000BF90AF909F908F900C947D12C15EDC4E1C
:103060008C819D81009709F4B9C0FF2009F446C006
:1030700064EF71E00E94DF0D62E38C819D810E940C
:10308000C11260E08C819D810E949512AC81BD814E
:103090008FEF55968C93559756968C9356975796D7
:1030A0008C9157978F6057968C935797ED91FC9121
:1030B00011970190F081E02D2FEF3FEF4FE050E0AE
:1030C00064E1CD011995AC81BD8153968C915397E4
:1030D000816053968C93539752962C915297382F28
:1030E00054968C915497482F437050E0ED91FC9189
:1030F00011970190F081E02D60E079CFDC011D9601
:103100004D935D936D937C935097B8010E94DF0DB2
:1031100060E08C819D810E94C1126E2D8C819D8109
:10312000DF91CF911F910F91FF90EF90DF90BF90B3
:10313000AF909F908F900C9495128E819F810097F5
:1031400009F44CC0FF20C9F164EF71E00E94130F35
:1031500062E38E819F810E94C11260E08E819F8117
:103160000E949512AE81BF818FEF55968C93559733
:1031700056968C93569757968C9157978F60579683
:103180008C935797ED91FC9111970190F081E02D70
:103190002FEF3FEF4FE050E064E1CD011995AE8194
:1031A000BF8152968C915297806852968C93529719
:1031B000282F53963C91539793CFFC014587568710
:1031C0006787708BB8010E94130F60E08E819F812A
:1031D0000E94C1126E2D8E819F81A2CFDF91CF916F
:1031E0001F910F91FF90EF90DF90BF90AF909F9055
:1031F0008F9008952F923F924F925F926F927F929D
:103200008F929F92AF92BF92CF92DF92EF92FF92F6
:103210000F931F93CF93DF93CDB7DEB7EC970FB625
:10322000F894DEBF0FBECDBF2091F1133091F213A1
:1032300038AB2FA72115310509F436C2D9012D90DD
:103240003C9011972114310409F42EC2D1968C912F
:10325000D197811129C212968C91813009F024C234
:10326000F101EE5AF64F80813196208190E001966F
:10327000877099272817190609F444C1D101A05273
:10328000B84F9C91E257F1408081981709F43AC1F8
:103290009C918081981709F435C1B081BDABFE01C6
:1032A000399686E2DF011D928A95E9F7F101E2562F
:1032B000F64F208131814281538129AB3AAB4BAB30
:1032C0005CAB5DA9452F50E058AF4FAB81019DA984
:1032D00084E5989F000D111D1124F801EF5BFF4F4D
:1032E000C080D180E280F380D80199968D909D9026
:1032F000AD90BC909C9729A93AA94BA95CA92C1523
:103300003D054E055F0508F0E8C195964D905D902E
:103310006D907C909897CA01B9010E94775769AF68
:103320007AAF8BAF9CAFC701B6010E9477579B0164
:10333000AC0169AD7AAD8BAD9CAD0E940D5A6B01AD
:103340007C01A3019201C501B4010E9412599B01A5
:10335000AC01C701B6010E94D857A30192010E9497
:1033600013594B015C0120E030E040E251E4C5011B
:10337000B4010E94725787FF06C0812C912C50E245
:10338000A52E51E4B52E20E030E04AE754E4C50113
:10339000B4010E940D5A0E94865A6115710581057B
:1033A000910521F461E070E080E090E024E54FA910
:1033B00058AD249FF001259FF00D1124E20DF31D5F
:1033C000C1A0D2A0E3A0F4A02601370129A93AA9FF
:1033D0004BA95CA9421A530A640A750A641575055B
:1033E0008605970510F42B013C0184E54FA958ADE3
:1033F000849FF001859FF00D1124E20DF31D50A173
:103400005FAB9701860136952795179507953095FF
:103410002095109501951F4F2F4F3F4FDE011A96B3
:10342000FDA9F89FF0011124FEABEDAB90E080E028
:10343000EDA9FEA9E80FF91FE20DF31D408951899E
:103440006289738950964D935D936D937C935397E6
:103450000D931D932D933D9304968031910541F773
:1034600089A99AA9ABA9BCA9840D951DA61DB71D54
:10347000F101E256F64F8C159D05AE05BF0508F02B
:103480007AC180839183A283B3831DAAA1014E5187
:10349000584F5AAF49AFC1018E5A964F9AAB89AB7C
:1034A000DC010C9110E00F5F1F4F07701127F10135
:1034B000ED5AF64F8081801729F11C9149825A827A
:1034C0006B827C82C501B4010E94865A6D837E8323
:1034D0008F839887BFA9B987CAA6DBA6ECA6FDA6ED
:1034E000EDA9EEA78EE2A9ADBAAD819FA00DB11DE9
:1034F0001124FE01319601900D928A95E1F7A9A958
:10350000BAA90C9391012E51384FF101EE5AF64FA2
:103510005081BDEA2B1AB6EF3B0AF1014081809140
:10352000521390915313DC016D917C91541709F45F
:103530003AC150814EE2459F200D311D1124F90101
:10354000DE011196542F01900D925A95E1F7F90181
:10355000C480D580E680F7801085D1012C9130E0C1
:103560002F5F3F4F277033272C93CD82DE82EF826F
:10357000F8861987FE013196AFA5B8A91396019078
:103580000D924A95E1F721E0EFA5F8A921AB12AA27
:1035900013AA14AA15AA412F4170DB011896ED91C8
:1035A000FC9167E31995809152139091531311FB8D
:1035B000442740F9DC01ED91FC910084F185E02D78
:1035C0006DE31995809152139091531312FB442788
:1035D00040F9DC01ED91FC910084F185E02D60E380
:1035E0001995809152139091531313FB442740F97E
:1035F000DC01ED91FC910084F185E02D6CE11995E1
:103600008091521390915313DC01ED91FC91E25A99
:10361000FF4F0190F081E02D49E150E060E070E063
:103620001995C114D104E104F104C1F08091521341
:1036300090915313DC01ED91FC91028CF38DE02D00
:10364000B701A60119958091521390915313DC0193
:10365000ED91FC91048CF58DE02D1995EFA5F8A95D
:1036600084A595A5A6A5B7A5B695A7959795879581
:10367000B095A095909581959F4FAF4FBF4F86AB6A
:1036800097ABA0AFB1AF82AF93AFA4AFB5AFFE968B
:1036900080839183A283B383EFA5F8A9EE5BFF4FEC
:1036A00080839183A283B383EC960FB6F894DEBF38
:1036B0000FBECDBFDF91CF911F910F91FF90EF9083
:1036C000DF90CF90BF90AF909F908F907F906F9042
:1036D0005F904F903F902F900895F801E75BFF4F68
:1036E0004080518062807380D701C601840D951D92
:1036F000A61DB71D29A93AA94BA95CA92817390706
:103700004A075B0708F42FCECA01B9016C197D097D
:103710008E099F0964197509860997090E947757D0
:103720006B017C01F801EB5BFF4F6081718182814D
:1037300093810E9477579B01AC01C701B6010E949B
:103740000D5A6B017C01D8019D962D913D914D91B3
:103750005C91D097C501B4010E9412599B01AC0144
:10376000C701B6010E94D8579B01AC01C501B40145
:103770000E941259F6CD1082118212821382F10139
:10378000E052F84F908131968081981749F08081FE
:10379000808190E0019668E170E00E94FA5B80838E
:1037A00021E02DAB73CEEFA5F8A911AADB015E963F
:1037B000ED91FC911995EFA5F8A980819181FC010B
:1037C000E052F84F20818F51984FDC018C912813E3
:1037D0006BCFAFA5B8A912961C928091521390910D
:1037E0005313DC01ED91FC9106A0F7A1E02D199592
:1037F0008091521390915313DC01ED91FC91E85AA2
:10380000FF4F0190F081E02D1995EFA5F8A9E55B38
:10381000FF4F608371838283938346CFEF92FF9241
:103820000F931F93CF93DF93C091F113D091F213B5
:10383000209709F445C119A9112309F441C18EA9A2
:103840009FA9A8ADB9AD4C8D5D8D6E8D7F8D840F18
:10385000951FA61FB71F8EAB9FABA8AFB9AFE12CCA
:10386000181619061A061B066CF44CA55DA56EA564
:103870007FA5841B950BA60BB70B8EAB9FABA8AF98
:10388000B9AFE12E8AAD9BADACADBDAD48A159A19C
:103890006AA17BA1840F951FA61FB71F8AAF9BAF9C
:1038A000ACAFBDAFF12C181619061A061B066CF446
:1038B0004CA55DA56EA57FA5841B950BA60BB70B2C
:1038C0008AAF9BAFACAFBDAFF12EFE01FE968081FB
:1038D0009181A281B3814CA15DA16EA17FA1840FD2
:1038E000951FA61FB71F80839183A283B38300E037
:1038F000181619061A061B066CF44CA55DA56EA5D4
:103900007FA5841B950BA60BB70B80839183A283A5
:10391000B383012FFE01EE5BFF4F80819181A28175
:10392000B38148A559A56AA57BA5840F951FA61F3D
:10393000B71F80839183A283B383181619061A06D2
:103940001B060CF0BBC04CA55DA56EA57FA5841B16
:10395000950BA60BB70B80839183A283B383EE20D4
:1039600069F08091521390915313DC01ED91FC9119
:103970000084F185E02D41E066E31995FF2069F0B0
:103980008091521390915313DC01ED91FC910084CE
:10399000F185E02D41E06CE31995002369F08091F9
:1039A000521390915313DC01ED91FC910084F18549
:1039B000E02D41E06EE21995112369F080915213D8
:1039C00090915313DC01ED91FC910084F185E02D81
:1039D00041E06AE119958091521390915313DC01F3
:1039E000ED91FC91E25AFF4F0190F081E02D43E010
:1039F00050E060E070E01995EE2069F0809152137C
:103A000090915313DC01ED91FC910084F185E02D40
:103A100040E066E31995FF2069F080915213909180
:103A20005313DC01ED91FC910084F185E02D40E021
:103A30006CE31995002369F0809152139091531310
:103A4000DC01ED91FC910084F185E02D40E06EE217
:103A50001995112369F08091521390915313DC0151
:103A6000ED91FC910084F185E02D40E06AE119952B
:103A70008AA99BA9ACA9BDA90196A11DB11D8AABBC
:103A80009BABACABBDAB4B815C816D817E81841700
:103A90009507A607B707A0F019AA80915213909135
:103AA0005313DC01ED91FC91068CF78DE02DDF9135
:103AB000CF911F910F91FF90EF90199410E04FCF8D
:103AC000DF91CF911F910F91FF90EF9008950F9389
:103AD0001F93CF93DF938C01D62FFC01E15BFF4F47
:103AE0006083C1E0C6278091521390915313DC018B
:103AF000ED91FC910084F185E02D4C2F66E2199543
:103B00008091521390915313DC01ED91FC9100844C
:103B1000F185E02D4C2F68E3199580915213909117
:103B20005313DC01ED91FC910084F185E02D4C2FC5
:103B30006EE319958091521390915313DC01ED912E
:103B4000FC910084F185E02D4C2F68E11995DD236F
:103B5000A1F08091521390915313DC01ED91FC91EF
:103B6000E85AFF4F0190F081E02D1995F801E55BCF
:103B7000FF4F6083718382839383DF91CF911F9185
:103B80000F910895DC01A052B84F2C91FC01EF5128
:103B9000F84F8081281720F08C919081891B08951F
:103BA0008C919081885EFACFCF93C82F87EF95E1F3
:103BB0000E94C21DC817A0F48091D81D8C0F9927B0
:103BC000991F68E170E00E94FA5B44E5489F90010C
:103BD000499F300D1124C90189509A4ECF91089503
:103BE00090E080E0FBCFEF92FF920F931F93CF9373
:103BF000DF938C010C5A164FEB017B0180E1E80E3C
:103C0000F11CF80161917191819191918F010E9454
:103C10007957F80124853585468557850E940D5AC8
:103C20006993799389939993CE15DF0551F7DF91C5
:103C3000CF911F910F91FF90EF9008950F931F93D5
:103C4000CF93DF931F921F92CDB7DEB7AE014F5FC8
:103C50005F4F052E000C660B770B8091A61F90918D
:103C6000A71F009799F0092E000CAA0BBB0B8A0125
:103C70009B01081B190B2A0B3B0BC901B8010F90C4
:103C80000F90DF91CF911F910F9108958CEA9FE1E2
:103C9000EACF88E198E00FB6F894A8958093600089
:103CA0000FBE90936000FFCF4230510548F0440FA3
:103CB000551F440F551F45505109CA010197F1F78F
:103CC0000895CB01BA010C94550A0C94300A0C9457
:103CD000880A81E00895089508958FEF9FEF089571
:103CE00090E080E00895089580E0089584E593E1F0
:103CF0000C94780B84E593E10C942B0B84E593E111
:103D00000C94D10A84E593E10C94F30ACF92DF92EC
:103D1000EF92FF926A017B01E0916413F0916513C9
:103D200082E08083C11481EED806E104F104A1F0A1
:103D300060E079E08DE390E0A70196010E94E158F0
:103D400021503109410951095695479537952795D5
:103D5000211580E13807A8F0E0916413F091651314
:103D6000108260E874E88EE190E0A70196010E945D
:103D7000E158215031094109510956954795379528
:103D80002795E0916013F09161133083E091621305
:103D9000F0916313208310926C13E0916813F091FB
:103DA000691386E08083E0916613F0916713808148
:103DB00080618083E0916613F09167138081886051
:103DC0008083E0916613F09167138081806880831F
:103DD000E0916613F091671380818F7D8083FF905F
:103DE000EF90DF90CF90089578940895F894089517
:103DF000623071F0633081F08EEE860F843000F512
:103E000087E190E0861B9109833051F4E9980FC057
:103E100090E080E0EC980BC081E090E0ED9807C066
:103E2000843078F48130D1F38230A1F7E898880F9C
:103E3000991FFC01E75EFD4F84E99AE0918380833E
:103E40000895843021F0853029F7EB98F0CFEA9877
:103E5000EECF81E090E0233040F4E22FF0E0E55C2B
:103E6000FC4F8081082E000C990B623011F16330F9
:103E700019F12EEE260F243008F05EC027E130E065
:103E8000261B3109F901EE0FFF1FE75EFD4F51833D
:103E90004083233069F198F4213009F442C0223084
:103EA000F9F090916A009C7F892B80936A00EC9ACC
:103EB000089530E020E0E6CF21E030E0E3CF243089
:103EC00019F1253071F7209169002F7346E0880FB2
:103ED000991F4A95E1F7822B80936900EB9A089528
:103EE000909169009C7F892B80936900E89A0895DE
:103EF00020916900237F880F991F880F991F822BBB
:103F000080936900E99A0895209169002F7C54E01C
:103F1000880F991F5A95E1F7822B80936900EA9ADE
:103F2000089520916A00237F880F991F880F991F99
:103F3000822B80936A00ED9A0895E1E7F0E080819A
:103F40008D7F80830895E1E7F0E080818260808347
:103F500008957093D9126093D812F894109290003B
:103F6000E1E9F0E0108210929500109294008FE742
:103F70009EE390939900809398008081886080836D
:103F800080818160808378940895FC018581089503
:103F9000EFE6F0E020812D7F2083FC01158208955B
:103FA000EFE6F0E020812260208321E0FC01258300
:103FB00008959A01AB012115310541055105F1F034
:103FC00060E074E284EF90E00E94E158DA01C901F8
:103FD0000197A109B109009721E0A207B10578F482
:103FE0000097A105B10521F481E090E0A0E0B0E0E8
:103FF000F8949093890080938800789408958FEFC7
:104000009FEFA0E0B0E0F4CF7093D7126093D61288
:10401000F89410928000E1E8F0E0108210928500A0
:104020001092840080ED97E090938900809388003F
:104030008081886080838081816080837894089506
:104040002FEFFC012283209318020895FC01548372
:1040500043835093D5124093D41208951F93CF9366
:10406000DF93EC01162F242F30E0A8EEB3E00E947E
:10407000035924EB30E040E050E00E94AF58BA0111
:10408000A90148515C4F6F4F7F4FE881F981048847
:10409000F589E02D612FCE01DF91CF911F91199409
:1040A000262FFC0162836093180261E0822F0C943A
:1040B000F409663308F0665390917B00862F887070
:1040C000977F892B80937B006770606460937C008E
:1040D00080917A00806480937A0080917A0086FDD6
:1040E000FCCF809178009091790008950F931F93F1
:1040F000CF93DF93062F142FC42FD0E061E0802FE1
:104100000E94F409209741F460E0802FDF91CF9165
:104110001F910F910C94C609CF3FD10511F461E0B6
:10412000F4CFE02FF0E0E756FA4FE491E150E231AE
:1041300008F0B4C0F0E08827EF55FF4D8F4F0C9486
:104140000E5CB320BC20C120CB20D5204E21DF2027
:10415000E720EF20F92003210D211C2126214E21EB
:1041600030213A21442184B5806884BD17BDDF9198
:10417000CF911F910F91089584B5806284BD18BDC1
:10418000F6CF80918000806880938000D093890072
:10419000C0938800ECCF8091800080628093800083
:1041A000D0938B00C0938A00E2CF8091800088601A
:1041B00080938000D0938D00C0938C00D8CF8091E5
:1041C000B00080688093B0001093B300D0CF80918E
:1041D000B00080628093B0001093B400C8CF80918B
:1041E0009000806880939000D0939900C0939800CD
:1041F000BECF80919000806280939000D0939B000E
:10420000C0939A00B4CF8091900088608093900012
:10421000D0939D00C0939C00AACF8091A00080689D
:104220008093A0008091A0008F7B8093A000D0930A
:10423000A900C093A8009BCF8091A00080628093CA
:10424000A000D093AB00C093AA0091CF8091A000B2
:1042500088608093A000D093AD00C093AC0087CF5E
:1042600080912001806880932001D0932901C09320
:1042700028017DCF80912001806280932001D0931E
:104280002B01C0932A0173CF809120018860809315
:104290002001D0932D01C0932C0169CFC038D105E6
:1042A0000CF03DCF31CFCF93DF9370E0FB01E756A9
:1042B000FA4F8491FB01ED5AFA4FD491635F7A4F24
:1042C000FB01C491CC2379F081110E945F09EC2F8E
:1042D000F0E0EE0FFF1FE154FB4FA591B491EC917C
:1042E000ED2381E009F480E08170DF91CF910895A2
:1042F000862F642F0C94C609862F413039F018F0B0
:10430000423031F0089560E00C94F40961E0FCCF94
:1043100062E0FACF089508950895FC0163817481E5
:10432000858196810895FC0182810895FC01638155
:104330007481858196810895FC018281089510928F
:10434000D71D1092D81D1092491F10924A1F80E16C
:10435000EBE4FFE1DF01982F1D929A95E9F7E4E87D
:10436000FFE1DF011D928A95E9F71092941F1092E8
:10437000951F1092961F1092971F1092981F84E617
:104380008093831F08950F931F93CF93DF93CDB72F
:10439000DEB7C054D1090FB6F894DEBF0FBECDBF53
:1043A0008E010F5F1F4F6115710571F17F936F9340
:1043B0001F928F9381EB93E09F938F931F9280E4E2
:1043C0008F931F930F930E949E5C0FB6F894DEBFED
:1043D0000FBECDBF8091521390915313DC01ED912C
:1043E000FC91EA5BFF4F0190F081E02DB801199537
:1043F000C05CDF4F0FB6F894DEBF0FBECDBFDF91BC
:10440000CF911F910F9108951F928F938FEB93E09F
:104410009F938F931F9280E48F931F930F930E941B
:104420009E5CD3CFCF93DF93CDB7DEB7C058D10911
:104430000FB6F894DEBF0FBECDBF9E0126573F4F8B
:10444000C857DF4F48815981C858D04060E870E0B4
:10445000CE0101960E94DB5C809152139091531320
:10446000DC01ED91FC91EA5BFF4F0190F081E02DC2
:10447000BE016F5F7F4F1995C058DF4F0FB6F8949C
:10448000DEBF0FBECDBFDF91CF910895CF93DF93F5
:10449000CDB7DEB7C058D1090FB6F894DEBF0FBE56
:1044A000CDBF8091521390915313009771F1DC01AD
:1044B000ED91FC91EC5BFF4F0190F081E02DCA572C
:1044C000DF4F68817981C658D04019959E012657E3
:1044D0003F4FC857DF4F48815981C858D04060E8E6
:1044E00070E0CE0101960E94DB5C809152139091A6
:1044F0005313DC01ED91FC91EA5BFF4F0190F081D9
:10450000E02DBE016F5F7F4F1995C058DF4F0FB68A
:10451000F894DEBF0FBECDBFDF91CF9108950F930A
:104520001F93CF93DF93C2E5D3E1888199810BE19B
:1045300014E1D8012D913D914D915C91DC01ED91FB
:10454000FC9100ACF1ADE02D70E060E01995888140
:104550009981F8012481358146815781DC01ED91F3
:10456000FC9100ACF1ADE02D64E070E0199588811C
:104570009981F8012085318542855385DC01ED91D3
:10458000FC9100ACF1ADE02D68E070E019958881F8
:104590009981F8012485358546855785DC01ED91A3
:1045A000FC9100ACF1ADE02D6CE070E019958881D4
:1045B0009981F8012089318942895389DC01ED9183
:1045C000FC9100ACF1ADE02D60E170E019958881BF
:1045D0009981F8012489358946895789DC01ED9153
:1045E000FC9100ACF1ADE02D64E170E0199588819B
:1045F0009981F801208D318D428D538DDC01ED9133
:10460000FC9100ACF1ADE02D68E170E01995888176
:104610009981F801248D358D468D578DDC01ED9102
:10462000FC9100ACF1ADE02D6CE170E01995888152
:104630009981F80120A131A142A153A1DC01ED91A2
:10464000FC9100ACF1ADE02D60E270E0199588813D
:104650009981F80124A135A146A157A1DC01ED9172
:10466000FC9100ACF1ADE02D64E270E01995888119
:104670009981F80120A531A542A553A5DC01ED9152
:10468000FC9100ACF1ADE02D68E270E019958881F5
:104690009981F80124A535A546A557A5DC01ED9122
:1046A000FC9100ACF1ADE02D6CE270E019958881D1
:1046B0009981F80120A931A942A953A9DC01ED9102
:1046C000FC9100ACF1ADE02D60E370E019958881BC
:1046D0009981F80120AD31AD42AD53ADDC01ED91D2
:1046E000FC9100ACF1ADE02D64E370E01995888198
:1046F0009981F80124AD35AD46AD57ADDC01ED91A2
:10470000FC9100ACF1ADE02D68E370E01995888173
:10471000998120915B1430915C1440915D1450910B
:104720005E14DC01ED91FC9100ACF1ADE02D6CE389
:1047300070E0199588819981DC01ED91FC9104A8C4
:10474000F5A9E02D40915F1460E470E0199588812F
:104750009981DC01ED91FC9104A8F5A9E02D40912F
:10476000601461E470E0199588819981DC01ED9114
:10477000FC9104A8F5A9E02D4091611462E470E079
:10478000199588819981DC01ED91FC9104A8F5A926
:10479000E02D4091621463E470E01995888199815D
:1047A00003E614E1DC01ED91FC9104A8F5A9E02DEC
:1047B000D8014C9164E470E0199588819981F801E1
:1047C0004181DC01ED91FC9104A8F5A9E02D65E49F
:1047D00070E0199588819981DC01ED91FC9104A824
:1047E000F5A9E02D4091651466E470E01995888183
:1047F0009981DC01ED91FC9104A8F5A9E02D40918F
:10480000661467E470E0199588819981DC01ED9167
:10481000FC9104A8F5A9E02D4091671468E470E0CC
:10482000199588819981DC01ED91FC9104A8F5A985
:10483000E02D4091681469E470E0199588819981B0
:10484000DC01ED91FC9104A8F5A9E02D40916914DB
:104850006AE470E0199588819981DC01ED91FC9101
:1048600004A8F5A9E02D40916A146BE470E0199555
:1048700088819981DC01ED91FC9104A8F5A9E02DD6
:1048800040916B146CE470E01995888199810CE675
:1048900014E1DC01ED91FC9104A8F5A9E02DD8010B
:1048A0004C916DE470E0199588819981F8014181FE
:1048B000DC01ED91FC9104A8F5A9E02D6EE470E017
:1048C0001995888199810EE614E1DC01ED91FC9146
:1048D00004A8F5A9E02DD8014C916FE470E019957A
:1048E00088819981F8014181DC01ED91FC9104A856
:1048F000F5A9E02D60E570E019958881998100E7C0
:1049000014E1DC01ED91FC9104A8F5A9E02DD8019A
:104910004C9161E570E0199588819981F801418198
:10492000DC01ED91FC9104A8F5A9E02D62E570E0B1
:10493000199588819981DC01ED91FC9104A8F5A974
:10494000E02D4091721463E570E01995888199819A
:10495000DC01ED91FC9104A8F5A9E02D40917314C0
:1049600064E570E0199588819981DC01ED91FC91F5
:1049700004A8F5A9E02D4091741465E570E019953F
:1049800088819981DC01ED91FC9104A8F5A9E02DC5
:104990004091751466E570E0199588819981DC0174
:1049A000ED91FC9104A8F5A9E02D4091761467E5FE
:1049B00070E0199588819981DC01ED91FC9104A842
:1049C000F5A9E02D4FE464E670E01995888199819E
:1049D000DC01ED91FC9102ACF3ADE02D199588EC72
:1049E00093E09F938F9383EE93E09F938F930E9426
:1049F00046220F900F900F900F90DF91CF911F9153
:104A00000F910895AF92BF92CF92DF92EF92FF92F3
:104A10000F931F93CF93C82F81E0809381156CE78C
:104A200075E18C2F0E940B08882339F1FCE7AF2E2B
:104A3000F5E1BF2EAFE1CA2EA8E0DA2E10EDE12E8F
:104A400012E0F12E00E010E025E535E545E851E4FF
:104A500061E08C2F0E94FC068091521390915313B9
:104A6000DC01ED91FC91E45AFF4F0190F081E02DC3
:104A70004AE050E060E070E019956CE7A62E65E131
:104A8000B62E7BE0C72E78E0D72E10EAE12E1CE888
:104A9000F12E00E010E025E535E545E851E460E061
:104AA0008C2F0E94FC0680918315882359F085E0A5
:104AB000CF911F910F91FF90EF90DF90CF90BF901B
:104AC000AF9008956CE775E18C2F0E940B0881115F
:104AD00014C01F92CF938AEE93E09F938F938FE041
:104AE00094E09F938F930E9446220F900F900F9017
:104AF0000F900F900F9081E0DBCF80915213909137
:104B00005313DC01ED91FC91E45AFF4F0190F081C9
:104B1000E02D4AE050E060E070E0199582E080937B
:104B200081153CE7A32E35E1B32E4FE1C42E48E0BA
:104B3000D42E10EFE12EF12C00E010E025E535E554
:104B400045E851E461E08C2F0E94FC0680918315BA
:104B50008111ADCF8091521390915313DC01ED91EF
:104B6000FC91E45AFF4F0190F081E02D4AE050E0C3
:104B700060E070E0199583E0809381159BE0C92E79
:104B800098E0D92E10EDE12E12E0F12E00E010E0B9
:104B900025E535E545ED5FE360E08C2F0E94FC06DE
:104BA00080918315811183CFB5018C2F0E940B0852
:104BB000811105C01F92CF9386E194E08ECF809142
:104BC000521390915313DC01ED91FC91E45AFF4F85
:104BD0000190F081E02D4AE050E060E070E019952E
:104BE000B12CA12CD12CC12C10EFE12EF12C00E026
:104BF00010E025E535E545ED5FE361E08C2F0E948F
:104C0000FC061F92CF9389E494E09F938F9383EEE9
:104C100093E09F938F930E9446220F900F900F90E6
:104C20000F900F900F9080E043CF6F927F928F9202
:104C30009F92AF92BF92CF92DF92EF92FF920F932B
:104C40001F93CF93DF9300D000D01F921F92CDB758
:104C5000DEB7982E88E0EFE2F2E0DE0111960190D7
:104C60000D928A95E1F7092D10E0F801EE0FFF1F74
:104C700081E090E08C0F9D1FE80FF91F81818F93D9
:104C800080818F9382E694E09F938F9343EE642E0E
:104C900043E0742E7F926F920E94462281E08093BF
:104CA00081150F900F900F900F900F900F90F09034
:104CB0008015F812E9C0F801E25AFC4F8081835058
:104CC0008330C0F01F929F9282E794E09F938F936E
:104CD00081ED94E09F938F930E944622892D0E943C
:104CE00002250F900F900F900F900F900F90811151
:104CF00079C0B2C061E0892D0E947717809152136C
:104D000090915313DC01ED91FC91E45AFF4F019017
:104D1000F081E02D42E350E060E070E01995F80189
:104D2000EE59FC4F80808091521390915313DC0117
:104D3000ED91FC910680F781E02D40E0682D1995FA
:104D4000109251138091521390915313DC01ED9105
:104D5000FC9100A4F1A5E02D20E044E258E0682D8C
:104D60001995F0928115B12CA12C98E2C92E98E0EA
:104D7000D92E10EAE12E1CE8F12E00E010E020E030
:104D800030E040E252E460E0892D0E94FC06809110
:104D9000521390915313DC01ED91FC9102A4F3A501
:104DA000E02D682D199560E0892D0E94771780917C
:104DB000831581116DC080915113811115C01F920F
:104DC0009F9288ED94E09F938F938FE094E09F9360
:104DD0008F930E9446220F900F900F900F900F908C
:104DE0000F9082E095E039C082E0809381151092A7
:104DF00051138091521390915313DC01ED91FC916A
:104E0000E45AFF4F0190F081E02D44E650E060E06D
:104E100070E01995B12CA12CD12CC12C10EFE12EF2
:104E2000F12C00E010E020E030E040EA51E461E0E5
:104E3000892D0E94FC061F929F928AE095E09F9325
:104E40008F937F926F920E9446220F900F900F9047
:104E50000F900F900F9080E094E09093811528962A
:104E60000FB6F894DEBF0FBECDBFDF91CF911F917B
:104E70000F91FF90EF90DF90CF90BF90AF909F90F9
:104E80008F907F906F900895892D0E9402252FCFDB
:104E900085E0A8CFAF92BF92CF92DF92FF920F939F
:104EA0001F93CF93DF93CDB7DEB760970FB6F8941B
:104EB000DEBF0FBECDBF1092831510928215809178
:104EC0008015882309F487C08FE395E09F938F9323
:104ED0008AE495E09F938F9383EE93E09F938F9363
:104EE0000E94462261E080917C1590917D150E9480
:104EF000671D8091521390915313DC01ED91FC9149
:104F0000E45AFF4F0190F081E02D42E350E060E071
:104F100070E0199580E00E941526F82E0F900F90F2
:104F20000F900F900F900F90811144C081E00E946C
:104F30001526F82E81113EC081E080938215FE0176
:104F4000319680E1DF011D928A95E9F7C0907E15C8
:104F5000D0907F158F015601BCEAAB1AB6EFBB0AA1
:104F6000ECE9CE1AE6EFDE0AD8016D917D918D91C4
:104F70009D918D01F50120893189428953890E94D3
:104F8000D8570E947F5AD5016D937D938D939D9341
:104F90005D01AC15BD0541F785E695E09F938F93C4
:104FA00083EE93E09F938F930E9446220F900F9081
:104FB0000F900F908F2D60960FB6F894DEBF0FBE46
:104FC000CDBFDF91CF911F910F91FF90DF90CF90D8
:104FD000BF90AF90089586E395E078CF8091A915B2
:104FE000813089F482E08093A91586E795E09F934C
:104FF0008F9383EE93E09F938F930E9446220F90AE
:105000000F900F900F9008958091A915813009F1AC
:1050100061E087EA95E10E94671D81E08093A91510
:105020008091521390915313DC01ED91FC9104A0F7
:10503000F5A1E02D199589E895E09F938F9383EE74
:1050400093E09F938F930E9446220F900F900F90B2
:105050000F900895CF93DF93EC01809152139091BC
:105060005313DC01ED91FC910088F189E02D6BE098
:105070001995E881F9810084F185E02DCE0119951B
:105080008A858F9389858F9388851F928F938F81CF
:105090001F928F9381EA95E09F938F9383EE93E025
:1050A0009F938F930E9446228DB79EB70A960FB6A4
:1050B000F8949EBF0FBE8DBFDF91CF9108950F93DF
:1050C0001F93CF93DF93EC0102960E942A2802E5FA
:1050D00013E1D8018D919C91DC01ED91FC9106804A
:1050E000F781E02D41E06AE11995F8018081918115
:1050F000DC01ED91FC910680F781E02D41E06CE14F
:105100001995F80180819181DC01ED91FC91068077
:10511000F781E02D41E068E11995F80180819181E6
:10512000DC01ED91FC910084F185E02D40E068E127
:1051300019958D8D8F938C8D8F938B8D8F938A8DF9
:105140008F93898D8F93888D8F938F898F938E897D
:105150008F9386ED95E09F938F9383EE93E09F93DB
:105160008F930E944622EDB7FEB73C960FB6F89497
:10517000FEBF0FBEEDBFDF91CF911F910F9108953C
:10518000CF93DF93C2E5D3E188819981DC01ED9172
:10519000FC910680F781E02D41E069E01995888156
:1051A0009981DC01ED91FC910484F585E02D40E0CE
:1051B00069E019951F9289E08F9381E196E09F93B2
:1051C0008F9383EE93E09F938F930E9446220F90DC
:1051D0000F900F900F900F900F90DF91CF91089547
:1051E0000F931F93CF93DF938C01C2E5D3E18881A6
:1051F0009981DC01ED91FC91068CF78DE02D1995DC
:1052000088819981DC01ED91FC9106A0F7A1E02D48
:10521000199588819981DC01ED91FC910084F185DB
:10522000E02D40E066E3199588819981DC01ED91DC
:10523000FC910084F185E02D40E06CE319958881B4
:105240009981DC01ED91FC910084F185E02D40E035
:105250006EE2199588819981DC01ED91FC910084C1
:10526000F185E02D40E06AE11995F801128211AA5A
:1052700012AA13AA14AA15AA86E396E09F938F9305
:1052800081ED94E09F938F930E9446220F900F90A0
:105290000F900F90DF91CF911F910F9108958F92F2
:1052A0009F92AF92BF92CF92DF92EF92FF920F93B5
:1052B0001F93CF93DF93CDB7DEB7C059D1090FB697
:1052C000F894DEBF0FBECDBF813209F4E0C0BCF45C
:1052D000883109F4DFC0C057DF4F0FB6F894DEBF46
:1052E0000FBECDBFDF91CF911F910F91FF90EF9037
:1052F000DF90CF90BF90AF909F908F9008958F33A5
:1053000019F18E3741F78091A915823021F781E09C
:105310008093A9158091521390915313DC01ED9164
:10532000FC9104A0F5A1E02D199582E896E09F93E9
:105330008F9383EE93E09F938F930E9446220F906A
:105340000F900F900F90C7CF8E010F571F4F80E126
:10535000D8011D928A95E9F7809115149091161441
:10536000009719F0B8010E94F31D809115149091D7
:105370001614F12C009729F00E94C21D97E1F92E16
:10538000F81A809117149091181470E060E000975B
:1053900049F0DC01ED91FC910484F585E02D19952F
:1053A000682F70E04F2D50E0F801C084B184A284D2
:1053B0009384B481F580E680D7808081918182805A
:1053C000A38120911114273008F05EC030E0220F35
:1053D000331F235D3C4FF901208131817F936F930F
:1053E0001F921F921F921F925F934F939F92AF92B3
:1053F000BF92CF92DF92EF92FF92BF93AF938F92C3
:105400009F938F933F932F9386E596E09F938F937F
:105410001F9280E88F938E010F5F1F4F1F930F9392
:105420000E949E5C8091521390915313DC01ED9188
:10543000FC91EC5BFF4F0190F081E02D6EE776E090
:1054400019958091521390915313DC01ED91FC91C9
:10545000EC5BFF4F0190F081E02DB8011995809130
:10546000521390915313DC01ED91FC91EA5BFF4FD5
:105470000190F081E02D60E876E019950FB6F89480
:10548000DEBF0FBECDBF27CF2EE436E0A7CF0E94F0
:10549000EE2721CF87EA95E10E94F0280E949F2104
:1054A00080913F1390914013009739F0DC01ED910A
:1054B000FC910084F185E02D199510929A1F81E0EE
:1054C00080939B1F10929C1F10929D1F80E090E084
:1054D000AAE7B4E480939E1F90939F1FA093A01F00
:1054E000B093A11F80E090E0A0E0B3E48093A21FFE
:1054F0009093A31FA093A41FB093A51F1092111403
:1055000083E996E00E94E103E6CE2F923F924F920C
:105510005F926F927F928F929F92AF92BF92CF9243
:10552000DF92EF92FF920F931F93CF93DF93CDB74C
:10553000DEB7CE5AD1090FB6F894DEBF0FBECDBF8D
:10554000E82F392F4A015B018091D71D4091D81D6A
:1055500090E0019668E170E00E94FA5B4817190636
:1055600009F421C7C555DF4FC882D982EA82FB8280
:10557000CB5AD040C655DF4F0883CA5AD040CB55CE
:10558000DF4F2883C55AD040CA55DF4F88829982A1
:10559000AA82BB82C65AD0402E2F8E010F5F1F4FAA
:1055A000CB57DF4F19830883C558D04084E5D80115
:1055B0001D928A95E9F7DE01AB5ABF4F80E1FD01EC
:1055C00011928A95E9F7C557DF4F2883CB58D04011
:1055D000C457DF4F3883CC58D0400BE41FE1CD5582
:1055E000DF4F19830883C35AD0408E010B581F4FD9
:1055F000CD56DF4F19830883C359D0401E0115E6ED
:10560000210E311CCF55DF4F39822882C15AD0403C
:105610008E010F5F1F4FC157DF4F19830883CF588B
:10562000D040CD56DF4F08811981C359D040C356B1
:10563000DF4F19830883CD59D0400BE41FE1C756D3
:10564000DF4F19830883C959D040C956DF4F1882EC
:10565000C759D040812C912C5401C957DF4F198272
:105660001882C758D040C557DF4FA881B981CB58A1
:10567000D0406D917D918D919D91C557DF4FB9833C
:10568000A883CB58D040C756DF4F08811981C9592C
:10569000D040F8014088518862887388A301920144
:1056A0000E94D8570E94695B0E947F5AC356DF4F01
:1056B000A881B981CD59D0406D937D938D939D93F1
:1056C000C356DF4FB983A883CD59D040F80100817C
:1056D0001181228133813496C756DF4FF983E883E5
:1056E000C959D0406B017C01C01AD10AE20AF30A01
:1056F000C157DF4FA881B981CF58D0405096CD9285
:10570000DD92ED92FC925397FD0161937193819329
:105710009193C157DF4FF983E883CF58D040C70139
:10572000B6010E947957A30192010E940D5ACF55EC
:10573000DF4FA881B981C15AD0406D937D938D937D
:105740009D93CF55DF4FB983A883C15AD0409B01A9
:10575000AC010E94D8579B01AC01C501B4010E9465
:1057600013594B015C01F7FE2BC081E090E0C95753
:10577000DF4F0880C758D04002C0880F991F0A9495
:10578000E2F7C956DF4F0881C759D040082BC956E8
:10579000DF4F0883C759D040F094E094D094C09470
:1057A000C11CD11CE11CF11CC157DF4FA881B9817C
:1057B000CF58D0401C96CD92DD92ED92FC921F976F
:1057C000C957DF4F08811981C758D0400F5F1F4F5D
:1057D000C957DF4F19830883C758D04004301105DB
:1057E00009F041CFC501B4010E949B5BC957DF4F4F
:1057F000688379838A839B83C758D04027E137EB3E
:1058000041ED58E30E94725787FF1BC081E0C255EB
:10581000DF4F0FB6F894DEBF0FBECDBFDF91CF9143
:105820001F910F91FF90EF90DF90CF90BF90AF90BE
:105830009F908F907F906F905F904F903F902F90B0
:1058400008953E0115E5610E711C710120E1E20E23
:10585000F11C8301D1016D917D918D919D911D016F
:10586000C957DF4F288139814A815B81C758D040B1
:105870000E940D5AF80161937193819391938F0166
:105880002E143F0439F71E01F1E12F0E311C81E087
:1058900090E08C0F9D1F8096F101C557DF4F188255
:1058A00019821A821B82CB58D0404191519161914B
:1058B0007191C557DF4F088119812A813B81CB58EF
:1058C000D040041715072607370740F4C557DF4FA8
:1058D000488359836A837B83CB58D040E817F90704
:1058E00021F76091831F70E090E080E00E9477577D
:1058F000CA55DF4F288139814A815B81C65AD04021
:105900000E94D85720E030E048EC52E40E940D5A43
:10591000C756DF4F688379838A839B83C959D040F8
:10592000CB55DF4F1881C55AD040112309F455C11A
:1059300010E000E0812C84E2982E94E7A92E29E45F
:10594000B22ED301CD90DD90ED90FD903D01E89415
:10595000F7F82FE632E143E85AE3C701B6010E94A7
:105960005C5B1816DCF420E030E040E752E4F8011C
:10597000E559F04E60817181828193810E940D5AB8
:10598000A70196010E940D5A6B017C019401A501AB
:105990000E94725787FF02C0460157010C5F1F4FDC
:1059A0000031110571F6C557DF4F688179818A8111
:1059B0009B81CB58D0400E947757C957DF4F288131
:1059C00039814A815B81C758D0400E940D5A9401A9
:1059D000A5010E94D8577B018C0120917B1F30913B
:1059E0007C1F40917D1F50917E1FC356DF4F28833F
:1059F00039834A835B83CD59D040C557DF4F6881D7
:105A000079818A819B81CB58D0400E9477574B0186
:105A10005C018091941F882309F424C144E85FE16C
:105A2000C157DF4F59834883CF58D040412C512C68
:105A30003201D12CC12CC956DF4F9881C759D040B3
:105A4000892F90E0CF55DF4F99838883C15AD0408A
:105A5000D1016D917D918D919D911D010E9479578C
:105A6000CF55DF4F28813981C15AD0400C2C02C05C
:105A7000359527950A94E2F720FD9058A5019401E9
:105A80000E940D5A9B01AC01C157DF4FE881F9819B
:105A9000CF58D0406191719181919191C157DF4F61
:105AA000F983E883CF58D0400E94D8579B01AC01BE
:105AB000C301B2010E9413592B013C01FFEFCF1A21
:105AC000DF0A24E0C216D10419F620E030E040E8F5
:105AD0005FEB0E94725787FDC5C020E030E040E8D0
:105AE0005FE3C301B2010E945C5B18160CF46EC048
:105AF00022E739EF4FE75FE3C301B2010E945C5B2D
:105B000018160CF463C022E739EF4FE75FEBC301CF
:105B1000B2010E94725787FDA5C0A301920160E007
:105B200070E080E89FE30E94125920E030E040E0FE
:105B30005FE30E94D8570E949B5B2B013C012FE63C
:105B400032E143E85AE30E94725787FD3FC020913B
:105B50007F1F3091801F4091811F5091821FC3563B
:105B6000DF4F688179818A819B81CD59D0400E9425
:105B7000D857A30192010E94D857C157DF4F6883BD
:105B800079838A839B83CF58D040A301920160E040
:105B900070E080E89FE30E9412599B01AC01C1575D
:105BA000DF4F688179818A819B81CF58D0400E94E4
:105BB0000D5A0E949B5B3B016C019B01AC01B7013C
:105BC000C8010E945C5B18160CF4C8C1EE2D4F2D65
:105BD000302F212F3701680157C020E030E040E727
:105BE00052E4C756DF4F688179818A819B81C95908
:105BF000D0400E940D5A4B015C0110E000E0F3011F
:105C0000C190D190E190F1903F01E894F7F82FE630
:105C100032E143E85AE3C701B6010E945C5B181603
:105C2000DCF420E030E040E752E4F801E559F04EC2
:105C300060817181828193810E940D5AA701960132
:105C40000E940D5A6B017C019401A5010E947257BC
:105C500087FF02C0460157010C5F1F4F003111053D
:105C600071F6A1CE20E030E0A901B701C8010E9481
:105C70005C5B18160CF077C1E0E040E030E020E01B
:105C8000612C712CC12CD12C8091D71D90E00196F4
:105C900068E170E00E94FA5B482E8091D81D84155F
:105CA00009F48CC05090D71DC956DF4F5881C75991
:105CB000D04059A3C557DF4F88819981AA81BB8104
:105CC000CB58D0408AA39BA3ACA3BDA3C301D601EC
:105CD0008EA39FA3A8A7B9A7C701D8018AA79BA78E
:105CE000ACA7BDA78E2F942FA32FB22F8AAB9BAB4F
:105CF000ACABBDABC957DF4F288139814A815B818D
:105D0000C758D040C501B4010E940D5AC356DF4F99
:105D1000288139814A815B81CD59D0400E94D85772
:105D20006EAB7FAB88AF99AFC957DF4F0881198140
:105D30002A813B81C758D0400AAF1BAF2CAF3DAF83
:105D4000C756DF4F288139814A815B81C959D040CC
:105D500022962CAF3DAF4EAF5FAF2297CB55DF4FB2
:105D60000881C55AD0402F960FAF2F9781E06096DB
:105D70008FAF6097C655DF4F1881CA5AD0406196E1
:105D80001FAF6197C555DF4F288139814A815B81FB
:105D9000CB5AD04065962CAF3DAF4EAF5FAF659705
:105DA00084E5859DD0011124A950BA4EFE0131969B
:105DB00001900D928A95E1F74092D71DCD56DF4FA5
:105DC00088819981C359D0404096CD56DF4FA88134
:105DD000B981C359D0404D915D916D917D91CD5662
:105DE000DF4FB983A883C359D040CD55DF4FE88139
:105DF000F981C35AD0404193519361937193CD552A
:105E0000DF4FF983E883C35AD0408A179B07E9F62E
:105E100080E1FE01EB5AFF4FA4E8BFE101900D9233
:105E20008A95E1F781E08093941F87EF95E10E94C6
:105E3000C21DC557DF4F8883CB58D040882309F453
:105E4000E5CC87EF95E10E94C21D082F882309F455
:105E500091C08FEF800F0E94D41D009739F0DC01B4
:105E60009D961D921D921D921C92D0970150110B70
:105E7000332433940115110509F47CC0802F0E944E
:105E8000D41D7C018FEF800F0E94D41D6C01E114A2
:105E9000F10409F460C0892B09F45DC0F70181ACFD
:105EA00092ACA3ACB4AC45A456A467A470A861A1FD
:105EB00072A183A194A10E947757A50194010E9429
:105EC0000D5AA50194010E94D8574B015C01D701DE
:105ED000D5966D917D918D919C91D8979B01AC0148
:105EE0000E9413599B01AC01C501B4010E94D8570F
:105EF0004B015C01A3019201C301B2010E94D8577A
:105F00009B01AC01C501B4010E9413590E949B5B27
:105F10002B013C01F70125A136A147A150A50E9404
:105F2000725787FF0BC0D70195964D925D926D9287
:105F30007C929897F701E25BFF4F3082F70185A1D1
:105F400096A1A7A1B0A5F60185A796A7A7A7B0AB74
:105F5000E25BFF4F3082015011098CCFE62D472DB7
:105F60003C2D2D2D91CE37016801E0E040E030E07E
:105F700020E08ACE87EF95E10E94C21D823008F4AE
:105F8000AFC0D12C082F0150110BC957DF4F198317
:105F90000883C758D040CC24C394C957DF4F088129
:105FA0001981C758D040D01611060CF099C08D2D1C
:105FB0000E94D41D8C01D3948D2D0E94D41D7C0190
:105FC0000115110551F3892B41F3D801D9968D9014
:105FD0009D90AD90BC90DC9795964D905D906D90A6
:105FE0007C90989791966D917D918D919C919497CD
:105FF0000E947757A50194010E940D5AA5019401B2
:106000000E94D8574B015C01F80165A976A987A9C0
:1060100090AD9B01AC010E9413599B01AC01C501DD
:10602000B4010E94D8574B015C01A3019201C30146
:10603000B2010E94D8579B01AC01C501B4010E9476
:1060400013590E949B5B2B013C01D8019D962D9119
:106050003D914D915C91D0970E94725787FF08C087
:10606000F80145A656A667A670AAE25BFF4FC0825C
:10607000D701D1966C90D197D2967C90D297D39637
:106080008C90D397D4969C90F80135A446A457A43D
:1060900010A9232D342D452D512FB301C4010E9489
:1060A0005C5B181624F4632C742C852C912E9301C0
:1060B000A401D70195966D917D918D919C919897B2
:1060C0000E947257882309F468CFC301D401F701F5
:1060D00085A396A3A7A3B0A7E25BFF4FC0825DCFC5
:1060E00010E0812F0E94D41D1C01009709F40BC100
:1060F000FC01E25BFF4F8081882309F404C1D101D8
:10610000D5962D913D914D915C91D897C957DF4F10
:10611000288339834A835B83C758D04020E030E02E
:10612000A901C957DF4F688179818A819B81C7584E
:10613000D0400E945C5B812C912C5401750164015C
:1061400018160CF047C0F10161A572A583A594A5AE
:106150009B01AC010E94D8572B013C01D1019596BF
:10616000CD90DD90ED90FC909897C957DF4F288136
:1061700039814A815B81C758D040CA01B9010E9468
:1061800013594B015C01A7019601C701B6010E949A
:10619000D8579B01AC01C301B2010E941259A5015D
:1061A00094010E940D5A6B017C01F10165A576A551
:1061B00087A590A99B01AC010E94D8579B01AC0117
:1061C000C301B2010E941259A50194010E940D5A07
:1061D0004B015C01D10191964D905D906D907C904A
:1061E0009497C301B2010E947757CD56DF4F688361
:1061F00079838A839B83C359D040A5019401C70149
:10620000B6010E941359CD56DF4F288139814A814A
:106210005B81C359D0400E945C5BF101EF5BFF4F93
:10622000C956DF4FF983E883C759D04018160CF0E0
:1062300073C0D10195966D917D918D919C919897A8
:106240009D96CD90DD90ED90FC90D0979B01AC0198
:106250000E94D8574B015C01A7019601C701B60106
:106260000E94D8579B01AC01C501B4010E9412598C
:106270006B017C01C957DF4F288139814A815B81DD
:10628000C758D040CA01B9010E9413599B01AC0103
:10629000C701B6010E940D5ACD56DF4F28813981C2
:1062A0004A815B81C359D0400E94135920E030E0FD
:1062B00040E05FE30E94D8570E94865A4616570670
:1062C0006806790610F4C301B201C956DF4FE881B0
:1062D000F981C759D0406083718382839383F10130
:1062E000EB5BFF4F461A570A680A790A40825182CF
:1062F0006282738234961082118212821382F101BB
:10630000E25BFF4F10821F5FC557DF4F0881CB58FC
:10631000D0400113E6CE7ACAC701B6010E94F159F6
:106320000E94865A6B017C01C956DF4FA881B98152
:10633000C759D040CD92DD92ED92FC921397C501E2
:10634000B4010E94F1590E94865A530142018C18EF
:106350009D08AE08BF08C60ED71EE81EF91EF10143
:10636000EB5BFF4F4C145D046E047F04B8F0608358
:106370007183828393839101275B3F4F40815181D9
:1063800062817381D501C401841B950BA60BB70BE9
:10639000F90180839183A283B383B1CF80829182FC
:1063A000A282B382E8CF80E032CAFC0101900020D3
:1063B000E9F73197AF01481B590BBC0184E593E124
:1063C0000C94950A6115710519F0CB010E94D53125
:1063D00089E996E00C94D531CB01009711F00C942B
:1063E000D53108950E94605C8DE58CBD81E08DBD46
:1063F0000895CF92DF92EF92FF921F93CF93DF9396
:10640000EC01F62E8BA99CA9892B11F40E94F43182
:1064100060E0CE010E942C106F2DCE010E94AC0FC7
:1064200064E0CE010E94181011E08DA9181734F411
:1064300065E0CE010E9418101F5FF7CF61E0CE012A
:106440000E942C1060E0CE010E942C108091DA1284
:10645000181734F465E0CE010E9418101F5FF6CFC4
:106460006F2DCE010E94AC0F898B60E0CE010E949F
:10647000AC0F90E0B0E0A0E0CC24D82EE92EFA2EAC
:1064800060E0CE010E94AC0FC82AFE2CED2CDC2C63
:10649000CC2460E0CE010E94AC0FC82AFE2CED2C6B
:1064A000DC2CCC2460E0CE010E94AC0FC82A61E055
:1064B000CE010E942C10C701B601DF91CF911F9130
:1064C000FF90EF90DF90CF900895CF92DF92EF9200
:1064D000FF921F93CF93DF93EC0169017A01162F8E
:1064E00010688BA99CA9892B11F40E94F43160E0FB
:1064F000CE010E942C10612FCE010E94AC0F898B1F
:106500006F2D772788279927CE010E94AC0FB701FE
:1065100088279927CE010E94AC0F99278F2D7E2DB9
:106520006D2DCE010E94AC0F6C2DCE010E94AC0FE0
:1065300011E08DA9181734F465E0CE010E941810FF
:106540001F5FF7CF61E0CE01DF91CF911F91FF90E8
:10655000EF90DF90CF900C942C100C9440550C943D
:1065600040550C9440550C9440551F93CF93DF93A6
:10657000EB01142FCB010E949958181739F0612FA5
:10658000CE01DF91CF911F910C94A158DF91CF9153
:106590001F9108958F929F92BF92CF92DF92EF92B8
:1065A000FF920F931F93CF93DF9300D01F92CDB72D
:1065B000DEB74B0129833A834B835C83CE0101967E
:1065C0007C0110E000E0F701B1907F016401C00E92
:1065D000D11EC6010E949958B81621F06B2DC60134
:1065E0000E94A1580F5F1F4F0430110561F70F90F3
:1065F0000F900F900F90DF91CF911F910F91FF900F
:10660000EF90DF90CF90BF909F908F900895CF92A2
:10661000DF92EF92FF920F931F93CF93DF9300D0FF
:106620001F92CDB7DEB76E0185E0C80ED11C8E017A
:106630000F5F1F4F7B01E01AF10AC701800F911F06
:106640000E949958F80181938F01EC15FD05A9F777
:1066500069817A818B819C810F900F900F900F90B0
:10666000DF91CF911F910F91FF90EF90DF90CF902E
:106670000895CB010C9499582F923F924F925F92BC
:106680006F927F928F929F92AF92BF92CF92DF9242
:10669000EF92FF920F931F93CF93DF93CDB7DEB7A7
:1066A000AE970FB6F894DEBF0FBECDBF82E192E089
:1066B000909353138093521340E052EC61E070E0EA
:1066C0000E94861E6BE976E082E192E00E94E23150
:1066D0008091521390915313DC01ED91FC91EA5B90
:1066E000FF4F0190F081E02D6CE976E019958091E3
:1066F000521390915313DC01ED91FC91EA5BFF4F33
:106700000190F081E02D6EEB76E0199580915213A7
:1067100090915313DC01ED91FC91EA5BFF4F0190E6
:10672000F081E02D62ED76E0199580915213909101
:106730005313DC01ED91FC91EA5BFF4F0190F08176
:10674000E02D6CE976E019958091521390915313E6
:10675000DC01ED91FC91EA5BFF4F0190F081E02DAF
:106760006FEE76E019958091521390915313DC01EE
:10677000ED91FC91EA5BFF4F0190F081E02D6EE01E
:1067800077E019958091521390915313DC01ED91AC
:10679000FC9100A8F1A9E02D1995809152139091D8
:1067A0005313DC01ED91FC9102A8F3A9E02D64E6FE
:1067B00070E019958F3409F46CC181E297E09F93E2
:1067C0008F9383EE93E09F938F930E9446220E94C3
:1067D00024030E948F220F900F900F900F9082E75A
:1067E00097E09F938F9383EE93E09F938F930E9404
:1067F0004622EEE5F3E0FAA7E9A722E633E00F90A0
:106800000F900F900F9010E090E081914CEF480FA7
:10681000423008F491E08250823008F411E02E17E3
:106820003F0799F7992309F460C08DE997E09F939A
:106830008F9383EE93E09F938F930E9446220FB72E
:10684000F8940F900F900F900F908091D0128111BB
:1068500027C0E2E4F5E08491E8E8F5E09491E82FC0
:10686000F0E0EE0FFF1FE752FB4FA591B491EC91C2
:10687000E92321F461E085E30E94C60961E085E334
:106880000E94F4098CB580618CBD8CB580648CBD90
:1068900061E084E30E94F40961E083E30E94F4096B
:1068A0008091D0128F5F8093D0120FBF6EE5C62EFD
:1068B00063E0D62EF12CE12CD6018D916D01845030
:1068C000823060F4F701E75DFC4F008161E0802FCA
:1068D0000E94F40961E0802F0E94C609BFEFEB1A05
:1068E000FB0AE4E0EE16F10439F7F12CE12C112358
:1068F00009F47DC08CEB97E09F938F9383EE93E038
:106900009F938F930E9446228FE190E00E94A454AF
:106910007C01DC0113961C921E92129788EE93E084
:10692000A0E0B0E0F70184839583A683B7838BED65
:1069300092E091838083178A168A118E108E138EAF
:10694000128E158E148E668D6E7F6D7F668F6695A6
:10695000617081E0682788E20E94C60961E088E2F0
:106960000E94F409EBE7F5E0E491D7015096EC932F
:10697000E5E3F5E0E491F0E0EE0FFF1FED50FB4F93
:1069800085919491F701928B818B60E08FE30E9457
:10699000F409D7015E968C910F900F900F900F9095
:1069A00081FD04C061E08FE30E94C6098FE3F70117
:1069B0008487E2E9F5E0E491D7011D96EC93ECE4DD
:1069C000F5E0E491F0E0EE0FFF1FE154FB4F8591FD
:1069D0009491F70197878687F092D212E092D112B4
:1069E00040E052EC61E070E0C7010E94B40C9E01EF
:1069F0002F5F3F4F3AA329A33FE1232E33E1332EEC
:106A000041E050E05DA34CA36091370270913802E1
:106A10008091390290913A026BA77CA78DA79EA71F
:106A200088E0EFE2F2E0DE01119601900D928A9586
:106A3000E1F7A9A5BAA5ED91BAA7A9A7EBA38E2F57
:106A40008250843098F12BA53CA54DA55EA5298BDD
:106A50003A8B4B8B5C8BF0E0EE0FFF1F41E050E078
:106A60004C0F5D1FE40FF51F81898F9380898F93F1
:106A7000A9A1BAA111968C9111978F938C918F93A4
:106A800080EE97E09F938F93E3EEF3E0FF93EF9315
:106A9000F2C00E94210484E597E09F938F9383EED8
:106AA00093E09F938F930E94462295CE5BA19AE933
:106AB000892E99E9992EA92C9DE3B92E553041F0E4
:106AC0008EEA882E87E4982E81EEA82E8DE3B82ECC
:106AD000C0906C14D0906D1460917014709171140A
:106AE0007FA36EA37091721478A760916E14709159
:106AF0006F1490E080E00E9477572B013C01B601B3
:106B000090E080E00E9477579B01AC01C301B20185
:106B10000E940D5A2B013C018BA1843009F452C311
:106B2000853009F4AEC4833009F481C2E114F10464
:106B300009F4A8C083E390E00E94A454FC011282EF
:106B400013828481807F168217829085907F908740
:106B500081869286A386B48620E030E040E05FE341
:106B6000258736874787508B2DEE32E0318320838F
:106B7000128A118A4EEA57E461EE7DE3438B548B0F
:106B8000658B768B178A918D128E238D207F238FB4
:106B9000158E148E168E178E10A211A215A614A68D
:106BA00017A616A611AA10AA12AAF3A6E2A611E029
:106BB000108F9C7F9160918F8160848384E18583B5
:106BC00063E570E080E090E162A373A384A395A3E2
:106BD00084E290E0ADE0B1EC86A397A3A0A7B1A7B3
:106BE000D101ED93FC93CF010E94D30EF10180817E
:106BF0009181DC011D964D925D926D927C92509731
:106C0000B6010E94DF0D6EA17FA1F101808191810B
:106C10000E94710DF101A081B18192968C919297A1
:106C2000807F846092968C93929792962D913D915D
:106C30004D915C919597ED91FC9111970190F081A8
:106C4000E02D6CE6CD01199568A56127D1018D91E4
:106C50009C910E947D12DF92CF92E9A1FAA18181DD
:106C60008F9380818F938FE298E09F938F9323EE91
:106C700033E03F932F930E9446220FB6F894DEBF75
:106C80000FBECDBF6CA17DA16F5F7F4F7DA36CA3B5
:106C900089A19AA102969AA389A398E0290E311C92
:106CA0006530710509F0BCCE80911B1490911C14C5
:106CB000A0911D14B0911E1489839A83AB83BC8369
:106CC00080911F1490912014A0912114B09122144E
:106CD0008D839E83AF83B887809123149091241471
:106CE000A0912514B091261489879A87AB87BC8719
:106CF0008091271490912814A0912914B0912A14FE
:106D00008D879E87AF87B88B80912B1490912C1420
:106D1000A0912D14B0912E14898B9A8BAB8BBC8BC8
:106D200080912F1490913014A0913114B0913214AD
:106D30008D8B9E8BAF8BB88F8091331490913414D0
:106D4000A0913514B0913614898F9A8FAB8FBC8F78
:106D50008091371490913814A0913914B0913A145D
:106D60008D8F9E8FAF8FB8A340913F1450914014E8
:106D70006091411470914214C0903B14D0903C1427
:106D8000E0903D14F0903E148E010F5F1F4FABE575
:106D9000BFE1CE0141969C01F80181909190A190B4
:106DA000B1908F018D929D92AD92BD92FC01819028
:106DB0009190A190B190CF011C968D929D92AD9231
:106DC000BC921F972017310739F707EF15E1C092E2
:106DD0007B1FD0927C1FE0927D1FF0927E1F40931C
:106DE0007F1F5093801F6093811F7093821F1093A9
:106DF000A8150093A7158091521390915313DC01AD
:106E0000ED91FC910680F781E02D41E066E3199554
:106E10008091521390915313DC01ED91FC91068007
:106E2000F781E02D41E067E319958091521390912D
:106E30005313DC01ED91FC910680F781E02D41E0D8
:106E400066E219958091521390915313DC01ED91F4
:106E5000FC910680F781E02D41E06CE3199580916B
:106E6000521390915313DC01ED91FC910680F78150
:106E7000E02D41E06DE319958091521390915313E9
:106E8000DC01ED91FC910680F781E02D41E068E3A3
:106E900019958091521390915313DC01ED91FC915F
:106EA0000680F781E02D41E06EE219958091521342
:106EB00090915313DC01ED91FC910680F781E02D58
:106EC00041E060E319958091521390915313DC01D6
:106ED000ED91FC910680F781E02D41E06EE319957C
:106EE0008091521390915313DC01ED91FC91068037
:106EF000F781E02D41E06AE119958091521390915C
:106F00005313DC01ED91FC910680F781E02D41E007
:106F10006CE119958091521390915313DC01ED911E
:106F2000FC910680F781E02D41E068E1199560E071
:106F300087EA95E10E94671D809152139091531347
:106F4000DC01ED91FC91008CF18DE02D6EE07CE197
:106F500019958091521390915313DC01ED91FC919E
:106F600002A0F3A1E02D6AEF78E119951092A9151E
:106F70008091521390915313DC01ED91FC91E85AEA
:106F8000FF4F0190F081E02D19956093F2157093F9
:106F9000F3158093F4159093F51587EA95E1909396
:106FA0007D1580937C1510937F1500937E1580913D
:106FB000521390915313DC01ED91FC910680F781FF
:106FC000E02D42E063E019958091521390915313A4
:106FD000DC01ED91FC910680F781E02D42E06EE04E
:106FE00019958091521390915313DC01ED91FC910E
:106FF0000680F781E02D42E062E1199580915F14EF
:10700000809380158091601480938415809166141C
:10701000813009F44CC408F439C4823009F42AC51B
:1070200087E092E00E942A2887E092E046C4E114BB
:10703000F10409F427CE89E390E00E94A454FC01F6
:10704000ACA1BDA1AC5DBC4F3C9112821382848186
:10705000807F168217829085907F908781869286A6
:10706000A386B48640E050E060E07FE34587568722
:107070006787708B128A118A4EEA57E461EE7DE3CE
:10708000438B548B658B768B178A918D128E238D53
:10709000207F238F158E148E168E178E10A211A2AC
:1070A00015A614A617A616A611AA10AA32ABF3A607
:1070B000E2A611E0108F9C7F9160918F81608483A4
:1070C00084E1858363E570E080E090E162A373A3CF
:1070D00084A395A384E290E0ADE0B1EC86A397A3EE
:1070E000A0A7B1A78DEE92E09183808313AA14AA82
:1070F00085A9807F85AB16AA10AE17AAD101139679
:10710000FC93EE931297CF010E94D30EF10182817E
:107110009381DC011D964D925D926D927C92509709
:10712000B6010E94DF0D6EA17FA1F10182819381E2
:107130000E94710DF101A281B38192968C91929778
:10714000807F846092968C93929792962D913D9138
:107150004D915C919597ED91FC9111970190F08183
:10716000E02D6CE6CD01199568A56127D101129635
:107170008D919C910E947D12F101A281B38198961C
:107180008C919897846098968C93989796962D9169
:107190003D914D915C919997ED91FC9111970190E2
:1071A000F081E02D60E7CD011995DF92CF92A9A182
:1071B000BAA111968C9111978F938C918F9386E63B
:1071C00098E060CC86E390E00E94A4548C01ECA18E
:1071D000FDA1E85DFC4F8081D80112961C921297A8
:1071E00013961C92139714969C911497907F149663
:1071F0009C93149715961C92159716961C921697A9
:1072000017961C92179718969C911897907F18962E
:107210009C931897F80181869286A386B48620E015
:1072200030E040E05FE31D962D933D934D935C93DA
:107230005097EBE0F3E01196FC93EE9352961C927C
:10724000529753961C92539754969C9154979C7FB7
:1072500054969C93549755961C92559756961C920B
:10726000569757969C915797907F57969C93579710
:1072700058961C92589759961C9259975A969C91D9
:107280005A97907F5A969C935A975B961C925B975D
:107290005C961C925C975D961C925D975E969C91A5
:1072A0005E979E7F5E969C935E975F961C925F971B
:1072B00090961C92909791969C9191979078919628
:1072C0009C93919792961D921D921D921C92959758
:1072D00096961C92969797961C92979798961C92C2
:1072E000989799969C9199979E7F99969C93F8016F
:1072F00012A613A614A690A99C7F90AB282F30E06D
:1073000032AB21AB14AA13AA2FEF25AB90E895A7B7
:107310003BA136A797A5907C956097A79091DA122C
:107320009F3F14F42093DA12D10115961C930E930B
:10733000149761E00E94F40961E0C8010E942C10DA
:10734000F80183A994A9009711F00E943010D80188
:1073500052962C91529753963C91539754968C91F8
:107360005497482F437050E0ED91FC910190F081CB
:10737000E02D60E0C8011995F80122A133A144A1D4
:1073800055A10190F081E02D0190F081E02D6CE697
:10739000C8011995D80196962C91969797963C918D
:1073A000979798964C91989799965C919997517068
:1073B000ED91FC910190F081E02D6DE6C8011995E9
:1073C000F80125A536A587A5482F4F7350E00190F9
:1073D000F081E02D0190F081E02D60E7C801199562
:1073E000D80112962C91129713963C9113971496EC
:1073F0008C911497482F4F7050E0ED91FC910190C3
:10740000F081E02D60E1C801199568E0C8010E9493
:10741000211461E0C8010E94C213F10184819581A9
:10742000DC011D964D925D926D927C925097B60153
:107430000E94DF0D6EA17FA1F101848195810E94E0
:10744000710D64E0D10114968D919C910E942114DC
:1074500068A5F101848195810E949512DF92CF92F7
:10746000A9A1BAA111968C9111978F938C918F93AA
:10747000EDE9F8E0FF93EF9343EE53E05F934F9312
:10748000FACB8EE690E00E94A4548C01ECA1FDA101
:10749000E85DFC4F8081D80112961C9212971396DA
:1074A0001C92139714969C911497907F14969C931A
:1074B000149715961C92159716961C921697179668
:1074C0001C92179718969C911897907F18969C93EA
:1074D0001897F80181869286A386B48620E030E072
:1074E00040E05FE31D962D933D934D935C93509741
:1074F000EBE0F3E01196FC93EE9352961C925297B8
:1075000053961C92539754969C9154979C7F5496F3
:107510009C93549755961C92559756961C92569745
:1075200057969C915797907F57969C93579758964C
:107530001C92589759961C9259975A969C915A9713
:10754000907F5A969C935A975B961C925B975C9699
:107550001C925C975D961C925D975E969C915E97DF
:107560009E7F5E969C935E975F961C925F97909627
:107570001C92909791969C919197907891969C935C
:10758000919792961D921D921D921C929597969698
:107590001C92969797961C92979798961C929897FC
:1075A00099969C9199979E7F99969C93F80112A623
:1075B00013A614A690A99C7F90AB282F30E032AB85
:1075C00021AB14AA13AA2FEF25AB90E895A794E05E
:1075D00096A797A5907C956097A79091DA129F3F08
:1075E00014F42093DA12D801D8962C91D897287FDA
:1075F000D9961C92D997DB969C91DB97907CDC9670
:107600001C92DC9736E0D6963C93D697D7963C935F
:10761000D7972160D8962C93D89724E0DA962C93AC
:10762000DA979860DB969C93DB979AE015969C938B
:10763000159720E531E041E450E192962D933D937A
:107640004D935C939597F801EF5BFF4F1082319655
:107650009081907F908332961082118212821382E1
:10766000349690819C7F9083319610821182128291
:10767000138234961082118292819C7F928333967A
:10768000118210823296108211829281907F9283B1
:1076900033961182108232961082118292819078F4
:1076A000928333961182108232961182108235961F
:1076B000118210823296108231969081907F908351
:1076C0003196108231969081987F9083B397908104
:1076D00091609083B49620E030E041E050E0208358
:1076E0003183428353832BE033E02D933C933496D4
:1076F000108211829281907F92833D9791E09083D6
:10770000118292819C7F9283B1972EE130E04CE010
:1077100054EC2083318342835383D10117961C9309
:107720000E93169761E00E94F40961E0C8010E947F
:107730002C10F80183A994A9009711F00E94301031
:10774000D80152962C91529753963C915397549648
:107750008C915497482F437050E0ED91FC9101902B
:10776000F081E02D60E0C8011995F80122A133A154
:1077700044A155A10190F081E02D0190F081E02D10
:107780006CE6C8011995D80196962C919697979614
:107790003C91979798964C91989799965C91999768
:1077A0005170ED91FC910190F081E02D6DE6C801E2
:1077B0001995F801FD962081318142815381D801CC
:1077C000ED91FC910190F081E02D60E7C8011995E1
:1077D000F801228133818481482F4F7050E001905D
:1077E000F081E02D0190F081E02D60E1C801199554
:1077F00068E0C8010E94211461E0C8010E94C21320
:10780000D801ED91FC910190F081E02D20E030E075
:10781000A9016DE2C8011995D801ED91FC91019083
:10782000F081E02D20E030E0A90161E2C801199566
:10783000F10186819781DC011D964D925D926D92DA
:107840007C925097B6010E94130F6EA17FA1F101A7
:10785000868197810E94710D64E0D10116968D9109
:107860009C910E94211468A5F101868197810E9454
:107870009512DF92CF92A9A1BAA111968C9111977E
:107880008F938C918F9383ED98E0FCC88091611465
:1078900080930E028091621480930F028091631492
:1078A000909164149093110280931002B9CB80E000
:1078B00092E00E94C02880E092E090934013809371
:1078C0003F1387EA95E1909342138093411387EF2A
:1078D00095E1909344138093431381E194E1909355
:1078E0004613809345138091521390915313DC01FA
:1078F000ED91FC910680F781E02D42E069E2199557
:107900008091521390915313DC01ED91FC9102840C
:10791000F385E02D69E21995811111C086E199E0A6
:107920009F938F9381ED94E09F938F930E944622C3
:1079300081E0809347130F900F900F900F908AE78C
:1079400092E19F938F939F938F938BE399E09F9303
:107950008F9303EE13E01F930F930E9446228091B2
:107960003F139091401327EA35E13093141420938C
:10797000131427EF35E130931614209315149093C8
:107980001814809317148CE795E190931A14809340
:1079900019148091521390915313DC01ED91FC91D5
:1079A0000680F781E02D41E06DE01995809152133A
:1079B00090915313DC01ED91FC910084F185E02D51
:1079C00041E06DE019958091521390915313DC01C1
:1079D000ED91FC91EA5BFF4F0190F081E02D6BE9A6
:1079E00076E019958091521390915313DC01ED913B
:1079F000FC91EA5BFF4F0190F081E02D6FE679E0AA
:107A000019950E9412048091521390915313DC0136
:107A1000ED91FC91EE59FF4F0190F081E02D199509
:107A20009F938F937F936F9385EA99E09F938F93B2
:107A30001F930F930E9446220FB6F894DEBF0FBE2D
:107A4000CDBFAE960FB6F894DEBF0FBECDBFDF91AF
:107A5000CF911F910F91FF90EF90DF90CF90BF904B
:107A6000AF909F908F907F906F905F904F903F90DE
:107A70002F90089583EF93E10E945F2883EF93E1B5
:107A80001CCF1F920F920FB60F9211242F933F938A
:107A90008F939F93AF93BF938091491390914A1313
:107AA000A0914B13B0914C133091481323E0230F56
:107AB0002D3758F50196A11DB11D209348138093D1
:107AC000491390934A13A0934B13B0934C13809196
:107AD0004D1390914E13A0914F13B09150130196F6
:107AE000A11DB11D80934D1390934E13A0934F137E
:107AF000B0935013BF91AF919F918F913F912F9170
:107B00000F900FBE0F901F90189526E8230F029636
:107B1000A11DB11DD2CF1F920F920FB60F9211244B
:107B20000BB60F922F933F934F935F936F937F9377
:107B30008F939F93AF93BF93EF93FF93E0912702AF
:107B4000F09128021995FF91EF91BF91AF919F910C
:107B50008F917F916F915F914F913F912F910F90F6
:107B60000BBE0F900FBE0F901F9018951F920F9293
:107B70000FB60F9211240BB60F922F933F934F9392
:107B80005F936F937F938F939F93AF93BF93EF9385
:107B9000FF93E0912502F09126021995FF91EF9154
:107BA000BF91AF919F918F917F916F915F914F9115
:107BB0003F912F910F900BBE0F900FBE0F901F9013
:107BC00018951F920F920FB60F9211240BB60F92B9
:107BD0002F933F934F935F936F937F938F939F93D5
:107BE000AF93BF93EF93FF93E0911B02F0911C02C0
:107BF0001995FF91EF91BF91AF919F918F917F91D7
:107C00006F915F914F913F912F910F900BBE0F900D
:107C10000FBE0F901F9018951F920F920FB60F92E4
:107C200011240BB60F922F933F934F935F936F9353
:107C30007F938F939F93AF93BF93EF93FF93E091C5
:107C40001902F0911A021995FF91EF91BF91AF912E
:107C50009F918F917F916F915F914F913F912F9164
:107C60000F900BBE0F900FBE0F901F9018951F9294
:107C70000F920FB60F9211240BB60F922F933F93D2
:107C80004F935F936F937F938F939F93AF93BF9324
:107C9000EF93FF93E0912302F09124021995FF9155
:107CA000EF91BF91AF919F918F917F916F915F9174
:107CB0004F913F912F910F900BBE0F900FBE0F90E1
:107CC0001F9018951F920F920FB60F9211240BB6AA
:107CD0000F922F933F934F935F936F937F938F9365
:107CE0009F93AF93BF93EF93FF93E0912102F091A5
:107CF00022021995FF91EF91BF91AF919F918F91C2
:107D00007F916F915F914F913F912F910F900BBE9B
:107D10000F900FBE0F901F9018951F920F920FB6E5
:107D20000F9211240BB60F922F933F934F935F93B3
:107D30006F937F938F939F93AF93BF93EF93FF9333
:107D4000E0911F02F09120021995FF91EF91BF91F0
:107D5000AF919F918F917F916F915F914F913F91E3
:107D60002F910F900BBE0F900FBE0F901F90189584
:107D70001F920F920FB60F9211240BB60F922F93F2
:107D80003F934F935F936F937F938F939F93AF93A3
:107D9000BF93EF93FF93E0911D02F0911E0219959E
:107DA000FF91EF91BF91AF919F918F917F916F91D3
:107DB0005F914F913F912F910F900BBE0F900FBE8F
:107DC0000F901F9018951F920F920FB60F921124CB
:107DD0000BB60F922F933F934F935F936F937F93C5
:107DE0008F939F93AF93BF93EF93FF9384E593E1BA
:107DF0000E94090BFF91EF91BF91AF919F918F91DD
:107E00007F916F915F914F913F912F910F900BBE9A
:107E10000F900FBE0F901F9018951F920F920FB6E4
:107E20000F9211240BB60F922F938F939F93EF9382
:107E3000FF93E0916413F09165138081E0916A13E0
:107E4000F0916B1382FD1DC0908180916D138F5F47
:107E50008F7320916E13821741F0E0916D13F0E063
:107E6000EC5AFC4E958F80936D13FF91EF919F918B
:107E70008F912F910F900BBE0F900FBE0F901F9000
:107E800018958081F2CF1F920F920FB60F92112496
:107E90000BB60F922F933F934F935F936F937F9304
:107EA0008F939F93AF93BF93EF93FF93E0911D1335
:107EB000F0911E13309749F0A685B7858585968D7C
:107EC00091FF16C09C918923B1F4FF91EF91BF916E
:107ED000AF919F918F917F916F915F914F913F9162
:107EE0002F910F900BBE0F900FBE0F901F90189503
:107EF0009C91892351F7A389B4899C9185898095A8
:107F000089238C93868997890197F1F7608D718D0C
:107F1000A685B785558538E020E0CB010197F1F7BC
:107F2000822F90E095958795282F4C91452309F055
:107F30002068315091F7868D81FD209580911B132B
:107F400090E001968F73992730911C13381799F0A0
:107F5000A0911B13B0E0A552BD4E2C9380931B1330
:107F6000828D938D0197F1F7A389B4898C919589BE
:107F7000892B8C93AACF868D8160868FF1CF1F923B
:107F80000F920FB60F9211240BB60F922F933F93BF
:107F90004F935F936F937F938F939F93AF93BF9311
:107FA000EF93FF93E091D812F091D912309709F036
:107FB00019958091D3128F5F8093D3128091D31241
:107FC000843110F01092D312809118028F3FC1F0CB
:107FD0009091D31261E0992361F09091D312913086
:107FE00059F42091D4123091D5122D3D354020F412
:107FF00060E00E94C60904C09091D3129230C1F390
:10800000FF91EF91BF91AF919F918F917F916F9170
:108010005F914F913F912F910F900BBE0F900FBE2C
:108020000F901F9018951F920F920FB60F92112468
:108030000BB60F922F933F934F935F936F937F9362
:108040008F939F93AF93BF93EF93FF93E091D612DB
:10805000F091D712309709F01995FF91EF91BF91E8
:10806000AF919F918F917F916F915F914F913F91D0
:108070002F910F900BBE0F900FBE0F901F90189571
:10808000CF92DF92EF92FF92CF93E4E5F3E1138278
:10809000128288EE93E0A0E0B0E084839583A6830B
:1080A000B78381E793E09183808385EC90E09587A7
:1080B000848784EC90E09787868780EC90E0918BB2
:1080C000808B81EC90E0938B828B82EC90E0958B9F
:1080D000848B86EC90E0978B868B118E128E138E9C
:1080E000148EEAE9FFE1108281E08183128213821B
:1080F00040E050E06AE774E4448355836683778305
:10810000C12CD12CE12C93E4F92EC086D186E286D5
:10811000F38620EE37E0E7EFF5E1DF01A9011D92DC
:1081200041505040E1F78093451680939916809313
:10813000ED1680934117809395178093E9178093EC
:108140003D18809391188093E51880933919809396
:108150008D198093E1198093351A8093891A809341
:10816000DD1A8093311B8093851B8093D91B8093EC
:108170002D1C8093811C8093D51C8093291D809396
:108180007D1D8093D11D1092D71D1092D81DE9ED51
:10819000FDE180E791E0DF019C011D92215030401C
:1081A000E1F71092491F10924A1FC0E1EBE4FFE192
:1081B000DF012C2F1D922A95E9F780E1EBE3F2E035
:1081C000ABE5BFE101900D928A95E1F780E1EBE428
:1081D000F2E0ABE6BFE101900D928A95E1F780E015
:1081E00090E0AAEFB3E480937B1F90937C1FA09351
:1081F0007D1FB0937E1F8AE097EDA3E2BCE38093DE
:108200007F1F9093801FA093811FB093821F84E6ED
:108210008093831FE4E8FFE1DF012C2F1D922A9554
:10822000E9F71092941F1092951F1092961F1092CA
:10823000971F1092981F1092991F0E949F21E7EAA2
:10824000F5E111821082128211AA12AA13AA14AAAD
:1082500015AA2DED35E1D9014C2F1D924A95E9F76C
:108260001092ED151092EE151092EF151092F01578
:108270001092F1151092F2151092F3151092F41558
:108280001092F5151092F615F093F213E093F11396
:10829000EAEAF5E18EE2DF011D928A95E9F7E7E867
:1082A000F5E1DF012C2F1D922A95E9F7E7E9F5E1C9
:1082B000DF011D92CA95E9F7ECE7F5E11182108222
:1082C00013821282148215821682178282E38087BB
:1082D00084EF91E0928781871092F81410927A15BA
:1082E00010927B1581E8E7E7F4E1DF01282F1D926A
:1082F0002A95E9F7E9EFF4E1DF011D928A95E9F7A4
:108300000E942403E1E1F4E11082118213821282BF
:10831000158214821782168211861086E3EFF3E12C
:1083200087E993E09183808383E893E0938382835A
:108330001482C582D682E782F0868EE1818786E448
:10834000828786E990E0948783871586C686D786DC
:10835000E08AF18A128A138A148A158A80E090E0F2
:10836000A0E7B1E4868B978BA08FB18F80E090E07F
:10837000A0E0BFE3828F938FA48FB58FCF91FF9042
:10838000EF90DF90CF900895CF93DF93CDB7DEB716
:10839000C652D1400FB6F894DEBF0FBECDBF789461
:1083A00084B5826084BD84B5816084BD85B58260FA
:1083B00085BD85B5816085BD80916E0081608093AB
:1083C0006E00109281008091810082608093810014
:1083D0008091810081608093810080918000816024
:1083E000809380008091B10084608093B10080917F
:1083F000B00081608093B000809191008260809392
:108400009100809191008160809391008091900013
:108410008160809390008091A10082608093A10090
:108420008091A10081608093A1008091A000816073
:108430008093A0008091210182608093210180912E
:1084400021018160809321018091200181608093CE
:10845000200180917A00846080937A0080917A0074
:10846000826080937A0080917A00816080937A00A4
:1084700080917A00806880937A001092C1000E94F7
:108480003C339E012F5B3F4FCF5FDE4F3983288304
:10849000C150D1401E0131E8230E311C80917B1563
:1084A00010927B1581110E944F2910927B158091AB
:1084B000521390915313DC01ED91FC9106ACF7AD92
:1084C000E02D1995181619060CF08BC080915213E7
:1084D00090915313DC01ED91FC91E05CFF4F019012
:1084E000F081E02D19958F3309F479C0813209F4B8
:1084F00076C08E3709F473C0883109F470C0E091FA
:10850000F8148A3009F000C1EE2389F24E2F50E0B2
:10851000FA01E958FB4E10824F5F5F4F67E774E145
:1085200089EF94E10E946D5C1092F814FE0175963B
:108530008CE2DF011D928A95E9F78FEF89838FEF37
:1085400090E09B838A838BE08C8380E090E0A0ECBA
:10855000BFE78D839E83AF83B88789879A87AB8770
:10856000BC878D879E87AF87B88B898B9A8BAB8BA7
:10857000BC8B89A39AA3ABA3BCA38DA39EA3AFA3DB
:10858000B8A789A79AA7ABA7BCA78DA79EA7AFA797
:10859000B8AB8FEF9FEFDC018CAF9DAFAEAFBFAF3D
:1085A00080E4CF5FDE4FA881B981C150D1401D92D8
:1085B0008A95E9F78091F9148111B4C08091111462
:1085C000843011F00C949C4E89818F3F11F40C94EF
:1085D0009C4E63E57FE08FE00E94C32102C0809340
:1085E0007B158091521390915313DC01ED91FC9116
:1085F0000284F385E02D69E2199511E0182761F1F5
:1086000080914713811128C08091411390914213AA
:10861000892B11F18091451390914613892BE1F03C
:1086200087E691E19F938F938FE094E09F938F93E0
:108630000E94462280914113909142130E94F0289B
:10864000E0914513F091461384E0808382E08183BA
:108650000F900F900F900F9010934713809111146B
:108660008430B1F0E0911314F0911414309781F03C
:108670008281813011F40C94935410F40C9497542B
:10868000823011F40C949354833011F40C9493546D
:108690008091A915811135C08091F615882389F143
:1086A0008091521390915313DC01ED91FC91E85AA3
:1086B000FF4F0190F081E02D19950091F215109176
:1086C000F3152091F4153091F515601B710B820B99
:1086D000930B613C744D8140910598F060E087EA0E
:1086E00095E10E94671D8FE791E19F938F9383EE41
:1086F00093E09F938F930E9446220F900F900F90CC
:108700000F900E94980BCACE8D3009F4FDCEE7FD84
:10871000CECE91E09E0F9093F814F0E0E958FB4E16
:108720008083C5CEE9EFF4E101900020E9F79F01D5
:108730002A5F3441790131E8E316F10410F00C941A
:108740009B54843209F0A2C01091FA141432F1F44F
:108750008091FB14811143C01C82EC81EB3009F441
:108760002DCFEB3008F00FC7F0E08827E554FC4B25
:108770008F4F0C940E5C1D46C64A174BC34A4B4B99
:10878000594B624B894B994E994E994E133239F49D
:108790008091FB14811123C081E08C83DECF1934DA
:1087A00031F48091FB1481111AC082E0F6CF1E349F
:1087B00031F48091FB14811112C083E0EECF1834A4
:1087C00031F48091FB1481110AC084E0E6CF1835A2
:1087D00031F48091FB14811102C085E0DECF45E0C9
:1087E00050E06FEE79E08AEF94E10E94815C892B82
:1087F00011F486E0D2CF44E050E065EF79E08AEFF3
:1088000094E10E94815C892B31F48091FE148111E6
:1088100002C088E0C2CF45E050E06AEF79E08AEF1D
:1088200094E10E94815C892B61F489E08C834FE3A1
:1088300050E06FEF74E1CE018F5B9F4F0E948F5C21
:108840008CCF45E050E060E07AE08AEF94E10E944E
:10885000815C892B11F48AE0E9CF812F110F990BEC
:10886000C0970A9710F00C949E546DE370E08AEF65
:1088700094E10E94765C892B11F40C949E5487E05D
:108880008C834FE350E06AEF74E1D5CF10E0912C78
:10889000812C77247394FF24F394F6E0CF2EFAE032
:1088A000DF2EA1EDAA2EA4E0BA2E1E1508F030C1CD
:1088B000E12FF0E0E750FB4E8081803211F08930EB
:1088C00011F41F5FF5CF1E1508F022C1082E000C11
:1088D000990B0E94655C082F883209F419C18B330B
:1088E00009F416C1853209F413C181E0810FA9EFA3
:1088F000B4E10D900020E9F79D012A5F3441922FE9
:10890000821770F5E82FF0E0E750FB4E20812D3202
:1089100011F02B3219F582E0810FF101208321E063
:10892000D101A20FB11DE82FF0E0E750FB4E182F48
:10893000281B822F810F1917A8F48F3098F43191DA
:10894000432F032E000C550B405351094A3051055B
:1089500010F03E3239F43D931F5FEBCF20E0E0CFC3
:10896000182F80E0F101E80FF11D108240E050E087
:10897000BA01882339F070E060E0C1010E94C95556
:10898000AB01BC01EDEBE00FE83108F08ECF0E2E0D
:10899000000CFF0B8827E053FB4B8F4F0C940E5CB1
:1089A0005845554455447045E84455445E45644532
:1089B0005544824501453A4555447C4555446A45F0
:1089C0007645554455445544554446454C455245D5
:1089D000CB01BA010E94865A663150F4643120F40A
:1089E000653010F06A3059F46983882483945DCF30
:1089F0006C31D1F320F086EA860F8330A8F383E050
:108A0000BAC0CB01BA010E94865A062F643631F0F3
:108A100008F5653019F048F4643068F4802F90E070
:108A20009B838A839924939440CF613120F06331F2
:108A3000A8F36E3199F31F920F93DF92CF92BF92FA
:108A4000AF920E9446220F900F900F900F900F90C0
:108A50000F90E4CF6A3748F4673700F76A3658F367
:108A60006C36E0F26237D1F2E6CF88E3800F8230D5
:108A700010F7D4CFCB01BA010E947F5A6CAF7DAF03
:108A80008EAF9FAF21967FAE21970FCF4D835E8330
:108A90006F837887F9AA09CF49875A876B877C87C4
:108AA000FAAA03CF4D875E876F87788BFBAAFDCE2E
:108AB000498B5A8B6B8B7C8BFCAAF7CE4D8B5E8BD4
:108AC0006F8B788FFDAAF1CE498F5A8F6B8F7C8F79
:108AD000FEAAEBCE4D8F5E8F6F8F78A3FFAAE5CEF7
:108AE00049A35AA36BA37CA3F8AEDFCE4DA35EA32C
:108AF0006FA378A7F9AED9CE49A75AA76BA77CA7D1
:108B0000FAAED3CE4DA75EA76FA778ABFBAECDCEA6
:108B100081100EC091100CC089A9811106C08AA9CC
:108B2000811103C08BA9882319F080919A1F898332
:108B300019818FEF810F833080F488AD882321F174
:108B400069A17AA18BA19CA120E030E0A9010E943B
:108B50007257181614F00C94A1548EEF810F8230C6
:108B6000E0F48DA981111BC08EA9811118C08FA9B5
:108B7000811115C088E0E82FF0E0EE0FFF1FE25CE6
:108B8000FC4F6081718128CD60919E1F70919F1F65
:108B90008091A01F9091A11FD7CF143038F410936B
:108BA0009A1F1B35C9F510929B1F05C01A35C9F7CE
:108BB00081E080939B1F88AD8823A9F0C9A0DAA02B
:108BC000EBA0FCA020E030E0A901C701B6010E94A3
:108BD0005C5B181644F4C0929E1FD0929F1FE092D7
:108BE000A01FF092A11F8A819B8183309105F9F427
:108BF00081E080939D1F89AD882309F4AECD8DA1BE
:108C00009EA1AFA1B8A58093A21F9093A31FA0938C
:108C1000A41FB093A51FA1CD143121F481E080934E
:108C20009C1FC9CF153139F610929C1FC4CF0597F0
:108C300009F093CD10929D1F90CD80911E148F93BB
:108C400080911D148F9380911C148F9380911B141D
:108C50008F938AE19AE09F938F931F9210E41F9362
:108C60003F922F920E949E5C8091521390915313D9
:108C7000DC01ED91FC91EA5BFF4F0190F081E02D6A
:108C8000B1011995809122148F93809121148F93B3
:108C9000809120148F9380911F148F9381E39AE029
:108CA0009F938F931F921F933F922F920E949E5CDF
:108CB0008091521390915313DC01ED91FC91EA5B8A
:108CC000FF4F0190F081E02DB1011995809126149C
:108CD0008F93809125148F93809124148F9380918A
:108CE00023148F9388E49AE09F938F931F921F938E
:108CF0003F922F920E949E5C809152139091531349
:108D0000DC01ED91FC91EA5BFF4F0190F081E02DD9
:108D1000B101199580912A148F93809129148F9312
:108D2000809128148F93809127148F938FE59AE078
:108D30009F938F931F921F933F922F920E949E5C4E
:108D400080915213909153130FB6F894DEBF0FBE6B
:108D5000CDBFDC01ED91FC91EA5BFF4F0190F0810A
:108D6000E02DB101199580912E148F9380912D14CF
:108D70008F9380912C148F9380912B148F9387E77E
:108D80009AE09F938F931F921F933F922F920E947E
:108D90009E5C8091521390915313DC01ED91FC91F4
:108DA000EA5BFF4F0190F081E02DB10119958091B0
:108DB00032148F93809131148F93809130148F935C
:108DC00080912F148F9385E99AE09F938F931F9240
:108DD0001F933F922F920E949E5C8091521390911C
:108DE0005313DC01ED91FC91EA5BFF4F0190F081A0
:108DF000E02DB1011995809136148F93809135142F
:108E00008F93809134148F93809133148F9383EBDD
:108E10009AE09F938F931F921F933F922F920E94ED
:108E20009E5C8091521390915313DC01ED91FC9163
:108E3000EA5BFF4F0190F081E02DB101199580911F
:108E40003A148F93809139148F93809138148F93B3
:108E5000809137148F9381ED9AE09F938F931F92A7
:108E60001F933F922F920E949E5C8091521390918B
:108E700053130FB6F894DEBF0FBECDBFDC01ED91EA
:108E8000FC91EA5BFF4F0190F081E02DB101199553
:108E900080913E148F9380913D148F9380913C1468
:108EA0008F9380913B148F9380EF9AE09F938F93E1
:108EB0001F921F933F922F920E949E5C80915213AB
:108EC00090915313DC01ED91FC91EA5BFF4F01900F
:108ED000F081E02DB1011995809142148F9380911A
:108EE00041148F93809140148F9380913F148F93FE
:108EF00080E19BE09F938F931F921F933F922F924D
:108F00000E949E5C8091521390915313DC01ED916D
:108F1000FC91EA5BFF4F0190F081E02DB1011995C2
:108F2000809146148F93809145148F9380914414BF
:108F30008F93809143148F9382E39BE09F938F9351
:108F40001F921F933F922F920E949E5C809152131A
:108F500090915313DC01ED91FC91EA5BFF4F01907E
:108F6000F081E02DB101199580914A148F93809181
:108F700049148F93809148148F93809147148F9355
:108F80008EE49BE09F938F931F921F933F922F92AB
:108F90000E949E5C80915213909153130FB6F894E7
:108FA000DEBF0FBECDBFDC01ED91FC91EA5BFF4F50
:108FB0000190F081E02DB101199580914E148F93AD
:108FC00080914D148F9380914C148F9380914B140A
:108FD0008F938AE69BE09F938F931F921F933F92FC
:108FE0002F920E949E5C8091521390915313DC014A
:108FF000ED91FC91EA5BFF4F0190F081E02DB10112
:109000001995809156148F93809155148F93809168
:1090100054148F93809153148F9386E89BE09F9311
:109020008F931F921F933F922F920E949E5C80917C
:10903000521390915313DC01ED91FC91EA5BFF4FC9
:109040000190F081E02DB101199580915A148F9310
:10905000809159148F93809158148F938091571455
:109060008F938AEA9BE09F938F931F921F933F9267
:109070002F920E949E5C8091521390915313DC01B9
:10908000ED91FC91EA5BFF4F0190F081E02DB10181
:10909000199580915E148F9380915D148F938091C8
:1090A0005C148F9380915B148F938EEC9BE09F9365
:1090B0008F931F921F933F922F920E949E5C8091EC
:1090C0005213909153130FB6F894DEBF0FBECDBF6D
:1090D000DC01ED91FC91EA5BFF4F0190F081E02D06
:1090E000B101199580915F141F928F938DEE9BE0D3
:1090F0009F938F931F921F933F922F920E949E5C8B
:109100008091521390915313DC01ED91FC91EA5B35
:10911000FF4F0190F081E02DB1011995809160140D
:109120001F928F938EE19CE09F938F931F921F93CA
:109130003F922F920E949E5C809152139091531304
:10914000DC01ED91FC91EA5BFF4F0190F081E02D95
:10915000B1011995809161141F928F9383E49CE073
:109160009F938F931F921F933F922F920E949E5C1A
:109170008091521390915313DC01ED91FC91EA5BC5
:10918000FF4F0190F081E02DB1011995809162149B
:109190001F928F9380E69CE09F938F931F921F9363
:1091A0003F922F920E949E5C809152139091531394
:1091B0000FB6F894DEBF0FBECDBFDC01ED91FC9180
:1091C000EA5BFF4F0190F081E02DB101199580918C
:1091D00064148F93809163148F938FE79CE09F9327
:1091E0008F931F921F933F922F920E949E5C8091BB
:1091F000521390915313DC01ED91FC91EA5BFF4F08
:109200000190F081E02DB1011995809165141F92B4
:109210008F9388E99CE09F938F931F921F933F92B7
:109220002F920E949E5C8091521390915313DC0107
:10923000ED91FC91EA5BFF4F0190F081E02DB101CF
:109240001995809166141F928F9387EB9CE09F93F2
:109250008F931F921F933F922F920E949E5C80914A
:10926000521390915313DC01ED91FC91EA5BFF4F97
:109270000190F081E02DB1011995809167141F9242
:109280008F9387EE9CE09F938F931F921F933F9243
:109290002F920E949E5C80915213909153130FB6AF
:1092A000F894DEBF0FBECDBFDC01ED91FC91EA5B0F
:1092B000FF4F0190F081E02DB10119958091681464
:1092C0001F928F938AEF9CE09F938F931F921F931F
:1092D0003F922F920E949E5C809152139091531363
:1092E000DC01ED91FC91EA5BFF4F0190F081E02DF4
:1092F000B1011995809169141F928F938DE09DE0C3
:109300009F938F931F921F933F922F920E949E5C78
:109310008091521390915313DC01ED91FC91EA5B23
:10932000FF4F0190F081E02DB101199580916A14F1
:109330001F928F9380E29DE09F938F931F921F93C4
:109340003F922F920E949E5C8091521390915313F2
:10935000DC01ED91FC91EA5BFF4F0190F081E02D83
:10936000B101199580916B141F928F9383E39DE057
:109370009F938F931F921F933F922F920E949E5C08
:1093800080915213909153130FB6F894DEBF0FBE25
:10939000CDBFDC01ED91FC91EA5BFF4F0190F081C4
:1093A000E02DB101199580916D148F9380916C140B
:1093B0008F9383E59DE09F938F931F921F933F921E
:1093C0002F920E949E5C8091521390915313DC0166
:1093D000ED91FC91EA5BFF4F0190F081E02DB1012E
:1093E000199580916F148F9380916E148F9380E7FD
:1093F0009DE09F938F931F921F933F922F920E9405
:109400009E5C8091521390915313DC01ED91FC917D
:10941000EA5BFF4F0190F081E02DB1011995809139
:1094200071148F93809170148F938EE89DE09F93B9
:109430008F931F921F933F922F920E949E5C809168
:10944000521390915313DC01ED91FC91EA5BFF4FB5
:109450000190F081E02DB1011995809172141F9255
:109460008F9387EA9DE09F938F931F921F933F9264
:109470002F920E949E5C80915213909153130FB6CD
:10948000F894DEBF0FBECDBFDC01ED91FC91EA5B2D
:10949000FF4F0190F081E02DB10119958091731477
:1094A0001F928F938EED9DE09F938F931F921F933A
:1094B0003F922F920E949E5C809152139091531381
:1094C000DC01ED91FC91EA5BFF4F0190F081E02D12
:1094D000B1011995809174141F928F938CE29EE0D4
:1094E0009F938F931F921F933F922F920E949E5C97
:1094F0008091521390915313DC01ED91FC91EA5B42
:10950000FF4F0190F081E02DB10119958091751404
:109510001F928F938FE39EE09F938F931F921F93D1
:109520003F922F920E949E5C809152139091531310
:10953000DC01ED91FC91EA5BFF4F0190F081E02DA1
:10954000B1011995809176141F928F9382E59EE068
:109550009F938F931F921F933F922F920E949E5C26
:1095600080915213909153130FB6F894DEBF0FBE43
:10957000CDBFDC01ED91FC91EA5BFF4F0190F081E2
:10958000E02DB10119950E9412042BC8E7E8EE2ED8
:10959000E5E1FE2E6E01B1E8CB0ED11C8601F7018C
:1095A00021913191419151917F0164857585868525
:1095B00097850E941359D6016D937D938D939D934A
:1095C0006D01B7E9EB16B5E1FB0649F7F8018785B0
:1095D0008F9386858F9385858F9384858F938385DD
:1095E0008F9382858F9381858F9380858F938781D9
:1095F0008F9386818F9385818F9384818F938381CD
:109600008F9382818F9381818F9380818F9385E661
:109610009EE09F938F9387E794E19F938F930E949F
:1096200012220FB6F894DEBF0FBECDBFACCF8CECCC
:1096300096E09F938F9384E89EE09F938F9307E734
:1096400014E11F930F930E9412228BE99EE09F93D7
:109650008F9389EA9EE09F938F931F930F930E94AD
:1096600012228091521390915313DC01ED91FC91E1
:10967000EE59FF4F0190F081E02D19959F938F9344
:109680007F936F9383EB9EE09F938F931F930F9332
:109690000E941222C6CF13E0109311140E944A2791
:1096A000882309F470CF84E080931114109312146E
:1096B0006ACF109212141092111485EC9EE00E9451
:1096C000E10361CF0E9424030E948F2283EF9EE07A
:1096D0000E94E1038091521390915313DC01ED91AC
:1096E000FC91E45AFF4F0190F081E02D44EF51E0EE
:1096F00060E070E019958091521390915313DC0152
:10970000ED91FC91E05AFF4F0190F081E02D199509
:109710003ACF6DE370E0CE018F5B9F4F0E94765C85
:109720008C01892B09F42FCFCE018F5B9F4F0E94B4
:109730002B57782E692EC80101960E942757F62EC6
:10974000E72ED82EC92EE72DF62DE456F109EB357C
:10975000F10508F0E8C28827EF54F44B8F4F0C94C2
:109760000E5C0C4C2B4C3A4C494C934E934E934E02
:10977000934E934E934E584C674C764C854C934E7B
:10978000934E934E934E934E934E944C934E934ED2
:10979000934E934E934E934E934E934E934EA34CB3
:1097A000934E934E934E934E934E934E934E934EB1
:1097B000934EB24CC14CD04C934E934E934E934E1D
:1097C000934E934E934EDF4CEE4CFD4C934E934E86
:1097D000934E934E934E934E934E0C4D174DAE4D6C
:1097E000C24DD34D164E674E724E7D4E884E224D61
:1097F0002D4D384D454D504D934E934E934E934EB7
:10980000934E5B4D6D4D7F4D914D934E934E934EC8
:10981000934E934E934EA34DA7019601852F942FFF
:10982000A32FB22F80931B1490931C14A0931D148C
:10983000B0931E14CF92DF92EF92FF926F927F92BD
:1098400089E29FE09F938F9387E794E19F938F93A3
:109850000E941222E6CEA7019601852F942FA32FF6
:10986000B22F80931F1490932014A0932114B093CF
:109870002214E0CFA7019601852F942FA32FB22F9A
:109880008093231490932414A0932514B09326144A
:10989000D1CFA7019601852F942FA32FB22F8093AC
:1098A000271490932814A0932914B0932A14C2CF9C
:1098B000A7019601852F942FA32FB22F80932B14ED
:1098C00090932C14A0932D14B0932E14B3CFA70112
:1098D0009601852F942FA32FB22F80932F1490934E
:1098E0003014A0933114B0933214A4CFA701960181
:1098F000852F942FA32FB22F809333149093341479
:10990000A0933514B093361495CFA7019601852FF7
:10991000942FA32FB22F8093371490933814A093D1
:109920003914B0933A1486CFA7019601852F942F4E
:10993000A32FB22F80933B1490933C14A0933D141B
:10994000B0933E1477CFA7019601852F942FA32FB4
:10995000B22F80933F1490934014A0934114B0937E
:10996000421468CFA7019601852F942FA32FB22F01
:109970008093431490934414A0934514B0934614D9
:1099800059CFA7019601852F942FA32FB22F809333
:10999000471490934814A0934914B0934A144ACFA3
:1099A000A7019601852F942FA32FB22F80934B14DC
:1099B00090934C14A0934D14B0934E143BCFA70139
:1099C0009601852F942FA32FB22F80935314909339
:1099D0005414A0935514B09356142CCFA70196019C
:1099E000852F942FA32FB22F809357149093581440
:1099F000A0935914B0935A141DCFA7019601852F37
:109A0000942FA32FB22F80935B1490935C14A09398
:109A10005D14B0935E140ECFA7019601652F742FCD
:109A2000832F922F0E94865A60935F1403CFA70161
:109A30009601652F742F832F922F0E94865A609370
:109A40006014F8CEA7019601652F742F832F922FF3
:109A50000E94865A60936114EDCEA7019601652F8E
:109A6000742F832F922F0E94865A60936214E2CE45
:109A7000A7019601652F742F832F922F0E94865A7B
:109A80007093641460936314D5CEA7019601652F7B
:109A9000742F832F922F0E94865A60936514CACE2A
:109AA000A7019601652F742F832F922F0E94865A4B
:109AB00060936614BFCE11E020E030E0A901D70129
:109AC000F6016B2F7A2F8F2F9E2F0E945C5B18164A
:109AD0000CF010E010936714ADCE11E020E030E000
:109AE000A901D701F6016B2F7A2F8F2F9E2F0E948D
:109AF0005C5B18160CF010E0109368149BCE11E01C
:109B000020E030E0A901D701F6016B2F7A2F8F2FCB
:109B10009E2F0E945C5B18160CF010E010936914E5
:109B200089CE11E020E030E0A901D701F6016B2FCA
:109B30007A2F8F2F9E2F0E945C5B18160CF010E07E
:109B400010936A1477CEA7019601652F742F832F87
:109B5000922F0E94865A60936B146CCEA7019601D7
:109B6000652F742F832F922F0E94865ACB017093FA
:109B70006D1460936C1460916E1470916F140E9458
:109B8000161758CEA7019601652F742F832F922F99
:109B90000E94865A70936F1460936E1480916C14B7
:109BA00090916D14ECCFA7019601652F742F832F30
:109BB000922F0E94865A4B01709371146093701417
:109BC0000EE513E0B12CA12CF80121918F018EEF4D
:109BD000820F8430B0F4C50173E0880F991F7A9525
:109BE000E1F7815E9C4E2430C1F02530D9F023305E
:109BF00081F0DC018D919C91009719F0B4010E94D5
:109C0000710DFFEFAF1ABF0A24E0A216B104E1F60E
:109C100011CEFC0182819381EFCFDC0114968D91EE
:109C20009C91EACFFC0186819781E6CF9924939499
:109C300020E030E0A901D701F6016B2F7A2F8F2F9A
:109C40009E2F0E945C5B18160CF0912C909272145F
:109C50006EE5A62E63E0B62E10E000E081E0892CD0
:109C60008826D5012D915D018EEF820F8430B0F4EE
:109C7000C80153E0880F991F5A95E1F7815E9C4E09
:109C80002430B9F02530F1F0233071F0FC018081EF
:109C90009181009719F0682D0E947D120F5F1F4F70
:109CA00004301105F1F6C6CDDC0112968D919C9120
:109CB000F0CFFC0184819581009781F3692D0E948A
:109CC0009512ECCFDC0116968D919C91F5CFA701F2
:109CD0009601652F742F832F922F0E94865A6093CE
:109CE0007314A8CDA7019601652F742F832F922F8F
:109CF0000E94865A609374149DCDA7019601652F2A
:109D0000742F832F922F0E94865A6093751492CDE0
:109D1000A7019601652F742F832F922F0E94865AD8
:109D20006093761487CD69E17FE08CE00E94C321C7
:109D30002ACC82E39FE0C3CC8A819B818F3F91052F
:109D4000A9F08A36910509F4BCC308F00AC385302E
:109D5000910509F4A5C308F0C5C28230910509F444
:109D600073C308F46AC3039709F480C389818F3FE2
:109D700009F409CC843008F028C4823008F4C7C440
:109D8000BE016F517F4F87EF95E10E94F31DAE0139
:109D90004F525F4FBE016F517F4FCE0101960E941F
:109DA0002B088D899E89AF89B88DCD5FDE4F888362
:109DB0009983AA83BB83C350D140C750DF4F8883A8
:109DC0009983AA83BB83C95FD040898D9A8DAB8D5F
:109DD000BC8DC95FDE4F88839983AA83BB83C7503C
:109DE000D140C350DF4F88839983AA83BB83CD5F63
:109DF000D04009818091A915811102C00E940428D8
:109E0000CF52DF4F88819981AA81BB81C15DD0404B
:109E1000C55FDE4F88839983AA83BB83CB50D14033
:109E2000CF50DF4F88839983AA83BB83C15FD04023
:109E3000CB52DF4F88819981AA81BB81C55DD0401B
:109E4000C15FDE4F88839983AA83BB83CF50D14003
:109E5000CB50DF4F88839983AA83BB83C55FD040F3
:109E60008091A21F9091A31FA091A41FB091A51F44
:109E7000C15EDE4F88839983AA83BB83CF51D140D3
:109E800010919D1F80919E1F90919F1FA091A01FD8
:109E9000B091A11FCD5DDE4F88839983AA83BB83D8
:109EA000C352D140BE016F537F4F87EF95E10E94AF
:109EB000F31DCD5FDE4F288139814A815B81C3501C
:109EC000D140CA01B9010E94D8576B017C01C95F1A
:109ED000DE4F288139814A815B81C750D140CA0158
:109EE000B9010E94D8579B01AC01C701B6010E947D
:109EF00013594B015C0120E030E0A9010E94725728
:109F000018160CF040CB20E030E040E05FE3C501E4
:109F1000B4010E94D8572B013C01D501C401B5956D
:109F2000A7959795879536E8C32E3AE5D32E37E364
:109F3000E32E3FE5F32EC81AD90AEA0AFB0AA70165
:109F40009601C301B2010E94D857A70196010E9451
:109F5000D8579B01AC0160E070E080EC9FE30E9469
:109F60001259A70196010E94D8576B017C01AC01E0
:109F70009B01C301B2010E94D857A70196010E941C
:109F8000D8579B01AC0160E070E080EC9FE30E9439
:109F90001259A70196010E94D857A50194010E9469
:109FA000D8572B013C012FE632E143E85AE30E94E7
:109FB000725787FDE8CACF53DF4F88809980AA8007
:109FC000BB80C15CD040CB53DF4FC880D980EA80D2
:109FD000FB80C55CD040A5019401CD5FDE4F688158
:109FE00079818A819B81C350D1400E941359CD5EF3
:109FF000DE4F688379838A839B83C351D140A70155
:10A000009601C95FDE4F688179818A819B81C75043
:10A01000D1400E941359C95EDE4F688379838A83D9
:10A020009B83C751D140CD5EDE4F288139814A8163
:10A030005B81C351D140C501B4010E9412594B014B
:10A040005C01C95EDE4F288139814A815B81C7513D
:10A05000D140C701B6010E941259A50194010E9486
:10A060009259C55EDE4F688379838A839B83CB5187
:10A07000D140CD5EDE4F288139814A815B81C35159
:10A08000D140C55FDE4F688179818A819B81CB5049
:10A09000D1400E9412596B017C01C95EDE4F2881BC
:10A0A00039814A815B81C751D140C15FDE4F6881F0
:10A0B00079818A819B81CF50D1400E941259A7019A
:10A0C00096010E949259023009F0A4C39B01AC0191
:10A0D000C55EDE4F688179818A819B81CB51D140F9
:10A0E0000E9412596B017C0120E030E0A9010E941E
:10A0F0007257181654F02BED3FE049EC50E4C701BD
:10A10000B6010E9413596B017C012FE632E143E84E
:10A110005BE3C301B2010E94D8570E949B5B4B01D5
:10A120005C01A3019201C701B6010E94D8579F7735
:10A13000A50194010E940D5A0E94F1590E947F5A74
:10A14000CD5FDE4F79836883C350D140693671405B
:10A1500044F028E631E0CD5FDE4F39832883C350D9
:10A16000D140CD5FDE4F88819981C350D1400497A3
:10A1700044F4A4E0B0E0CD5FDE4FB983A883C350C0
:10A18000D140CD5FDE4FE881F981C350D140BF019E
:10A19000FF0F880B990B0E9479579B01AC01C701F7
:10A1A000B6010E940D5A4B015C01023021F4B7FA4E
:10A1B000B094B7F8B094C753DF4F88819981AA81D2
:10A1C000BB81C95CD040F10180879187A287B387AA
:10A1D000C353DF4F88819981AA81BB81CD5CD04078
:10A1E00084879587A687B78721E030E0C95FDE4F77
:10A1F00039832883C750D140C95FDE4FA881B98118
:10A20000C750D140BD01BB0F880B990B0E947957F5
:10A21000A50194010E94D857C55EDE4F288139817F
:10A220004A815B81CB51D1400E9413596B017C0163
:10A23000CD5FDE4FE881F981C350D140C95FDE4F69
:10A2400028813981C750D140E217F30709F0EBC2EA
:10A25000C55FDE4F88819981AA81BB81CB50D140F7
:10A26000F10180839183A283B383C15FDE4F888134
:10A270009981AA81BB81CF50D14084839583A683E5
:10A28000B783C15EDE4FC880D980EA80FB80CF51A2
:10A29000D140012F20E0CD5DDE4F488159816A8198
:10A2A0007B81C352D140C1010E94852A882309F4D1
:10A2B0006AC9C95FDE4F28813981C750D1402F5FFD
:10A2C0003F4FC95FDE4F39832883C750D140CD5FF0
:10A2D000DE4F88819981C350D140821793070CF0DB
:10A2E0008BCF51C98231910509F4E9C048F461E08E
:10A2F000419709F03BCD87EA95E10E94671D36CD75
:10A300008E31910509F4A0C08436910509F02ECD57
:10A3100082EA9FE00E94E10380EC9FE00E94230913
:10A3200085ED9FE00E9423098DEE9FE00E942309A6
:10A3300088E090E10E9423098AE190E10E942309CC
:10A3400083E390E10E94230983E590E10E942309C1
:10A3500082E690E10E94230982E790E10E942309AE
:10A3600005CD8937910509F421C120F58237910582
:10A3700009F4C0C088F48B36910509F0F7CC8091C0
:10A38000521390915313DC01ED91FC910484F585F7
:10A39000E02D40E069E0ACC08737910509F4E0C0EA
:10A3A0008837910509F0E2CC81E08093801585EB38
:10A3B00090E147C0843FF1E09F0709F4FCC068F5D5
:10A3C000883C910509F0D2CC80913F1390914013C5
:10A3D000009709F4CBCC2AAD222309F4C7CC49A5B8
:10A3E0005AA56BA57CA5DC01ED91FC910284F38557
:10A3F000E02D19958CA58F938BA58F938AA58F93AC
:10A4000089A58F9387EE90E19F938F9387E794E1DF
:10A410009F938F930E9412229DC0853F31E0930746
:10A4200009F4CEC0863F914009F0A0CC0E942403DD
:10A430000E948F228BE191E104C00E94EE278EE6FC
:10A440009FE00E94E10392CC80913F1390914013D2
:10A45000009739F0DC01ED91FC910084F185E02D4D
:10A4600019950E94EE2780E99FE0EBCF80913F1382
:10A4700090914013009709F479CC29AD40E050E069
:10A4800060E87FEB222321F04DA15EA16FA178A5AA
:10A49000DC01ED91FC910680F781E02D199566CCE9
:10A4A00080913F1390914013009709F45FCCDC0139
:10A4B000ED91FC910084F185E02D199557CC60E079
:10A4C0001ACF0091521310915313D801ED91FC91C2
:10A4D000E484F58489AD4FEF882339F06DA17EA126
:10A4E0008FA198A50E94865A462F69E0C801F701FE
:10A4F00019953CCCB10187EF95E10E94F31DF10164
:10A5000087858F9386858F9385858F9384858F9399
:10A5100083858F9382858F9381858F9380858F9399
:10A5200087818F9386818F9385818F9384818F9389
:10A5300083818F9382818F9381818F9380818F9389
:10A540008EE790E19F938F9387E794E19F938F939A
:10A550000E9412220FB6F894DEBF0FBECDBF06CC0C
:10A560000E94DA0740EE59E084FD02C04AEE59E04D
:10A5700020EE39E082FD02C02AEE39E080FF13C0F0
:10A5800080EE99E05F934F933F932F939F938F9328
:10A590008AE990E19F938F9387E794E19F938F934C
:10A5A0000E941222D7CF8AEE99E0ECCF109280154C
:10A5B0008FEC90E146CF0E948F228CEF90E141CF4B
:10A5C0000E9421048BE091E13CCF8A3009F459C10B
:10A5D00008F5843011F00C94C34A8AAD882311F435
:10A5E0000C94C34A009152131091531369A57AA594
:10A5F0008BA59CA50E94865AAB01BC01D801ED91A8
:10A60000FC91E45AFF4F0190F081E02DC8011995AB
:10A610000C94C34A8C3109F474C18C3511F00C943C
:10A62000C34AB10187EF95E10E94F31DE9A8EE202E
:10A6300099F02D813E814F815885F10160817181B2
:10A64000828193810E9412596093871570938815B7
:10A650008093891590938A15FAA8FF20A9F029857F
:10A660003A854B855C85D10114966D917D918D91D4
:10A670009C9117970E94125960938B1570938C15BB
:10A6800080938D1590938E150BA9002399F02D853D
:10A690003E854F855889F101608571858285938556
:10A6A0000E94125960938F157093901580939115A5
:10A6B000909392151CA91123A9F029893A894B89F5
:10A6C0005C89D1011C966D917D918D919C911F9714
:10A6D0000E94125960939315709394158093951569
:10A6E00090939615E1100C94C34AF1100C94C34A50
:10A6F00001110C94C34A11110C94C34AE7E8F5E127
:10A7000080E1DF011D928A95E9F70C94C34ABE01EE
:10A710006F537F4F87EF95E10E94F31DA101BE01AA
:10A720006F537F4FCE0101960E942B08D101CD902F
:10A73000DD90ED90FC9020E030E0A901C701B6016A
:10A740000E94725787FD4EC020E030E046E953E496
:10A75000C701B6010E945C5B18160CF443C0F101FE
:10A76000C480D580E680F78020E030E0A901C701F1
:10A77000B6010E94725787FD35C020E030E046E9FF
:10A7800053E4C701B6010E945C5B18165CF180902F
:10A790009E1F90909F1FA090A01FB090A11F11E03E
:10A7A0008981811110E08091A915811102C00E9458
:10A7B000042848E1E42EF12C20917B158091D71DCF
:10A7C0003091D81D90E00196B7010E94FA5B3817CE
:10A7D000190661F4222391F310927B15822F0E94B7
:10A7E0004F29EACF65E371E18AE0A0CA20937B1587
:10A7F000C090A21FD090A31FE090A41FF090A51FAF
:10A8000000919D1F212FB501A401C1010E94852A3D
:10A810000C94C34AC55EDE4F288139814A815B8131
:10A82000CB51D1405DCC0E94085AA30192010E94F5
:10A83000D857CD5EDE4F288139814A815B81C35173
:10A84000D1400E941359D1016D937D938D939C93B8
:10A850001397C701B6010E948D5BA30192010E946C
:10A86000D857C95EDE4F288139814A815B81C75143
:10A87000D1400E941359F1016483758386839783C5
:10A8800000CD89A9882361F08D819E81AF81B88533
:10A890008093971590939815A0939915B0939A1556
:10A8A0008AA9882361F089859A85AB85BC858093C8
:10A8B0009B1590939C15A0939D15B0939E158BA905
:10A8C000882361F08D859E85AF85B88980939F151B
:10A8D0009093A015A093A115B093A2158CA98823DD
:10A8E00011F40C94C34A89899A89AB89BC898093F5
:10A8F000A3159093A415A093A515B093A6150C9439
:10A90000C34A13E0109311140E944A27811104C016
:10A9100089E491E10C945F4B69E571E18EE00E945E
:10A92000C3210C94534B809311140C944843109200
:10A9300011140C9448438BE00C94BB458CE00C94B0
:10A94000BB4586E00C94BB450F931F93CF93DF93D9
:10A950008230910510F482E090E0E091A81FF09120
:10A96000A91F30E020E0B0E0A0E0309799F4211575
:10A97000310509F44AC0281B390B24303105D8F5BC
:10A980008A819B816115710589F1FB019383828323
:10A99000FE0111C04081518102811381481759077E
:10A9A000E0F04817590799F4109761F012960C934C
:10A9B000129713961C933296CF01DF91CF911F917E
:10A9C0000F9108950093A81F1093A91FF4CF21158C
:10A9D000310551F04217530738F0A901DB019A0104
:10A9E000BD01DF01F801C1CFEF01F9CF9093A91F9D
:10A9F0008093A81FCDCFFE01E20FF31F81939193A7
:10AA00002250310939832883D7CF2091A61F309156
:10AA1000A71F232B41F420912B0230912C0230935D
:10AA2000A71F2093A61F2091290230912A022115E9
:10AA3000310541F42DB73EB740912D0250912E02C1
:10AA4000241B350BE091A61FF091A71FE217F30717
:10AA5000A0F42E1B3F0B2817390778F0AC014E5F8E
:10AA60005F4F2417350748F04E0F5F1F5093A71F05
:10AA70004093A61F819391939FCFF0E0E0E09CCF9D
:10AA8000CF93DF930097E9F0FC0132971382128293
:10AA9000A091A81FB091A91FED0130E020E0109710
:10AAA000A1F420813181820F931F2091A61F309144
:10AAB000A71F2817390709F061C0F093A71FE0937B
:10AAC000A61FDF91CF910895EA01CE17DF07E8F5C1
:10AAD0004A815B819E0141155105B1F7E901FB8374
:10AAE000EA8349915991C40FD51FEC17FD0761F412
:10AAF000808191810296840F951FE9019983888353
:10AB0000828193819B838A83F0E0E0E012968D91AD
:10AB10009C9113970097B9F52D913C911197CD0118
:10AB20000296820F931F2091A61F3091A71F28170E
:10AB3000390739F6309751F51092A91F1092A81FC6
:10AB4000B093A71FA093A61FBCCFD383C28340811D
:10AB50005181840F951FC817D90761F44E5F5F4F6D
:10AB600088819981480F591F518340838A819B8135
:10AB7000938382832115310509F0B0CFF093A91F8B
:10AB8000E093A81F9ECFFD01DC01C0CF138212828B
:10AB9000D7CF8F929F92AF92BF92CF92DF92EF92D8
:10ABA000FF920F931F93CF93DF935C017B0161159D
:10ABB000710519F0DB018D939C9385010F5F1F4F89
:10ABC000F501D0818D2F90E00E9449576C01892BAF
:10ABD000B9F5DD32B9F50F5F1F4FD5011196DC9144
:10ABE000C1E05801F1E0AF1AB10843E050E06CE871
:10ABF00074E0C5010E945257892B69F5680182E013
:10AC0000C80ED11C45E050E067E874E0C6010E9420
:10AC10005257892B21F4680197E0C90ED11CE11429
:10AC2000F10419F0D701CD92DC9260E070E080E889
:10AC30009FEFC111FFC060E070E080E89FE7FAC0BD
:10AC40005801BBCFDB3229F485010E5F1F4FF501A0
:10AC5000D181C0E0C6CF43E050E064E874E0C501B4
:10AC60000E945257892BE9F0F80110E000E020E043
:10AC700030E0A9015F01B0ED8B2E8D0E89E08815C3
:10AC8000C8F19C2E689491F88C2F8870C2FF16C072
:10AC9000811102C00F5F1F4F3196D501DC91C92D84
:10ACA000E9CFE114F10429F00E5F1F4FF701118382
:10ACB000008360E070E080EC9FE7BCC0882311F067
:10ACC00001501109A5E0B0E00E94CE589B01AC01F3
:10ACD000220F331F441F551F280D311D411D511DCB
:10ACE000283999E93907490799E15907A8F2C66057
:10ACF0009C2ED2CFAEEF8A1206C0C3FD3CC09C2E64
:10AD0000689493F8C9CFDF7DD534A9F580818D3261
:10AD100039F4C061DF011296818162E070E006C003
:10AD2000DF018B32C1F3119661E070E080535D0169
:10AD3000A61AB70A8A30F8F4E0E8CE16ECE0DE0690
:10AD40005CF4B601660F771F660F771FC60ED71E1D
:10AD5000CC0CDD1CC80ED11C5D01FFEFAF1ABF0A81
:10AD60008C9180538A30A8F1C4FF03C0D194C19460
:10AD7000D1080C0D1D1DC1FF09C0E114F10431F013
:10AD800081E0A81AB108D701AD92BC92CA01B901FD
:10AD90000E947757C370C33009F490584B015C018F
:10ADA00020E030E0A9010E947257882309F440C0D6
:10ADB000CBEBD4E017FF05C0119501951109C3EA4B
:10ADC000D4E06E01B8E1CB1AD10880E2E82EF12C74
:10ADD0000FC0D501B1CFFE01259135914591549118
:10ADE0000E191F09C501B4010E94D8574B015C011F
:10ADF000D501C4010E151F0574F72497F594E79447
:10AE0000CC16DD06A9F78A2F880F8B2F881F8F3F5E
:10AE100049F020E030E0A901C501B4010E94725759
:10AE2000811106C082E290E09093AB1F8093AA1F2D
:10AE3000C501B401DF91CF911F910F91FF90EF9069
:10AE4000DF90CF90BF90AF909F908F90089566272E
:10AE500077270C94C955FC0188279927E8942191FC
:10AE60002032E9F3293010F02E30C8F32B3241F0B4
:10AE70002D3239F4689404C00E946A57820F911DE4
:10AE8000219120532A30C0F31EF4909581959F4F55
:10AE9000089591110C944558803219F089508550CD
:10AEA000C8F70895FB01DC014150504088F08D91B6
:10AEB00081341CF08B350CF4805E659161341CF09C
:10AEC0006B350CF4605E861B611171F3990B08956C
:10AED000881BFCCF7AE0979F902D879F802D910D46
:10AEE000112408950E94B45708F481E00895E8946D
:10AEF00009C097FB3EF490958095709561957F4FC2
:10AF00008F4F9F4F9923A9F0F92F96E9BB2793956F
:10AF1000F695879577956795B795F111F8CFFAF47F
:10AF2000BB0F11F460FF1BC06F5F7F4F8F4F9F4FB0
:10AF300016C0882311F096E911C0772321F09EE80E
:10AF4000872F762F05C0662371F096E8862F70E074
:10AF500060E02AF09A95660F771F881FDAF7880F4E
:10AF60009695879597F90895990F0008550FAA0BA4
:10AF7000E0E8FEEF16161706E807F907C0F012160C
:10AF80001306E407F50798F0621B730B840B950B0F
:10AF900039F40A2661F0232B242B252B21F4089564
:10AFA0000A2609F4A140A6958FEF811D811D089501
:10AFB0000E94EB570C945F580E94515838F00E9441
:10AFC000585820F0952311F00C9448580C944E5882
:10AFD00011240C9493580E94705870F3959FC1F3FC
:10AFE000950F50E0551F629FF001729FBB27F00D37
:10AFF000B11D639FAA27F00DB11DAA1F649F66278C
:10B00000B00DA11D661F829F2227B00DA11D621FDA
:10B01000739FB00DA11D621F839FA00D611D221F94
:10B02000749F3327A00D611D231F849F600D211D78
:10B03000822F762F6A2F11249F5750409AF0F1F0FB
:10B0400088234AF0EE0FFF1FBB1F661F771F881F64
:10B0500091505040A9F79E3F510580F00C944858FC
:10B060000C9493585F3FE4F3983ED4F3869577951C
:10B070006795B795F795E7959F5FC1F7FE2B880F0A
:10B08000911D9695879597F9089599278827089592
:10B0900097F99F6780E870E060E008959FEF80EC8B
:10B0A000089500240A94161617061806090608952E
:10B0B00000240A9412161306140605060895092E94
:10B0C0000394000C11F4882352F0BB0F40F4BF2B03
:10B0D00011F460FF04C06F5F7F4F8F4F9F4F089543
:10B0E00057FD9058440F551F59F05F3F71F0479539
:10B0F000880F97FB991F61F09F3F79F0879508951E
:10B10000121613061406551FF2CF4695F1DF08C03C
:10B11000161617061806991FF1CF86957105610559
:10B1200008940895E894BB2766277727CB0197F901
:10B130000895F999FECF92BD81BDF89A992780B5FF
:10B140000895262FF999FECF1FBA92BD81BD20BD6B
:10B150000FB6F894FA9AF99A0FBE01960895052E43
:10B1600097FB1EF400940E94C65857FD07D00E941A
:10B17000E15807FC03D04EF40C94C6585095409506
:10B18000309521953F4F4F4F5F4F08959095809593
:10B19000709561957F4F8F4F9F4F08950E9403597F
:10B1A000A59F900DB49F900DA49F800D911D11241B
:10B1B0000895B7FF0C94CE580E94CE58821B930B73
:10B1C0000895A1E21A2EAA1BBB1BFD010DC0AA1FE8
:10B1D000BB1FEE1FFF1FA217B307E407F50720F000
:10B1E000A21BB30BE40BF50B661F771F881F991F7B
:10B1F0001A9469F760957095809590959B01AC01C4
:10B20000BD01CF010895A29FB001B39FC001A39FCC
:10B21000700D811D1124911DB29F700D811D11248F
:10B22000911D08955058BB27AA270E942A590C94B3
:10B230005F580E94515838F00E94585820F039F455
:10B240009F3F19F426F40C944E580EF4E095E7FB5A
:10B250000C944858E92F0E94705858F3BA176207A7
:10B2600073078407950720F079F4A6F50C9492589B
:10B270000EF4E0950B2EBA2FA02D0B01B901900111
:10B280000C01CA01A0011124FF27591B99F0593F55
:10B2900050F4503E68F11A16F040A22F232F342F9D
:10B2A0004427585FF3CF469537952795A795F040EB
:10B2B0005395C9F77EF41F16BA0B620B730B840B00
:10B2C000BAF09150A1F0FF0FBB1F661F771F881FB8
:10B2D000C2F70EC0BA0F621F731F841F48F4879510
:10B2E00077956795B795F7959E3F08F0B0CF939502
:10B2F000880F08F09927EE0F9795879508950E947B
:10B30000515860F080E891E009F49EEF0E9458588F
:10B3100028F040E851E071F45EEF0CC00C944E58F8
:10B320000C949258E92FE0780E94705840F3092E4F
:10B33000052AB1F3261737074807590738F00E2EAC
:10B3400007F8E02569F0E025E0640AC0EF6307F83C
:10B35000009407FADB01B9019D01DC01CA01AD01CE
:10B36000EF930E94245A0E945F580E94C2595F9135
:10B37000552339F02BED3FE049E450FD49EC0C94A6
:10B3800013590895DF93DD27B92FBF7740E85FE3B6
:10B390001616170648075B0718F4D92F0E94615B41
:10B3A0009F938F937F936F930E94DB5BE4EEF0E0BB
:10B3B0000E94DE5A0E945F582F913F914F915F91FA
:10B3C0000E94EB57DD2351F09058A2EA2AED3FE0AE
:10B3D00049EC5FE3D0785D270E942A59DF910C94F5
:10B3E0005F580E94445B90F09F3748F4911116F427
:10B3F0000C94935860E070E080E89FE3089526F095
:10B400001B16611D711D811D0C94B55A0C94D05AE8
:10B410000E94075BE3950C94305B0E94215A0C94C8
:10B420005F580E94585858F00E94515840F029F433
:10B430005F3F29F00C94485851110C9493580C9488
:10B440004E580E94705868F39923B1F3552391F335
:10B45000951B550BBB27AA2762177307840738F083
:10B460009F5F5F4F220F331F441FAA1FA9F335D0E0
:10B470000E2E3AF0E0E832D091505040E695001C94
:10B48000CAF72BD0FE2F29D0660F771F881FBB1F4E
:10B49000261737074807AB07B0E809F0BB0B802D2C
:10B4A000BF01FF2793585F4F3AF09E3F510578F058
:10B4B0000C9448580C9493585F3FE4F3983ED4F3AF
:10B4C000869577956795B795F7959F5FC9F7880F2C
:10B4D000911D9695879597F90895E1E0660F771F7E
:10B4E000881FBB1F621773078407BA0720F0621B0F
:10B4F000730B840BBA0BEE1F88F7E09508950E943A
:10B50000865A6894B1110C94935808950E94785803
:10B5100088F09F5798F0B92F9927B751B0F0E1F014
:10B52000660F771F881F991F1AF0BA95C9F714C0C4
:10B53000B13091F00E949258B1E008950C94925865
:10B54000672F782F8827B85F39F0B93FCCF38695FD
:10B5500077956795B395D9F73EF49095809570955A
:10B5600061957F4F8F4F9F4F0895882371F4772304
:10B5700021F09850872B762F07C0662311F4992766
:10B580000DC09051862B70E060E02AF09A95660F0E
:10B59000771F881FDAF7880F9695879597F9089592
:10B5A0009F3F31F0915020F4879577956795B79537
:10B5B000880F911D9695879597F90895DF93CF93FE
:10B5C0001F930F93FF92EF92DF927B018C0168949F
:10B5D00006C0DA2EEF010E94EB57FE01E894A59118
:10B5E0002591359145915591A6F3EF010E942A5975
:10B5F000FE019701A801DA9469F7DF90EF90FF90C0
:10B600000F911F91CF91DF9108950C944E580E9495
:10B610007858D8F3E894E0E0BB279F57F0F02AED84
:10B620003FE049EC06C0EE0FBB0F661F771F881F77
:10B6300028F0B23A62077307840728F0B25A620B07
:10B64000730B840BE3959A9572F7803830F49A95D2
:10B65000BB0F661F771F881FD2F790480C94D25AF1
:10B66000EF93E0FF07C0A2EA2AED3FE049EC5FEB71
:10B670000E942A590E945F580F90039401FC905831
:10B68000E1E1F1E00C94E65B0E947858A0F0BEE79F
:10B69000B91788F4BB279F3860F41616B11D672FC1
:10B6A000782F8827985FF7CF869577956795B11D96
:10B6B00093959639C8F308950E94B45708F48FEF14
:10B6C00008959B01AC0160E070E080E89FE30C947A
:10B6D0000D5A0E947858E8F09E37E8F09639B8F491
:10B6E0009E3848F4672F782F8827985FF9CF869582
:10B6F0007795679593959539D0F3B62FB1706B0F09
:10B70000711D811D20F487957795679593950C940D
:10B71000B55A0C94D05A0C9493589F930E94075B8F
:10B720000F9007FCEE5F0C94305B19F416F40C9448
:10B730004E580C94D05A0E947858B8F39923C9F304
:10B74000B6F39F57550B87FF0E94DF5B0024A0E6EE
:10B7500040EA900180585695979528F4805C660FD2
:10B76000771F881F20F026173707480730F4621B21
:10B77000730B840B202931294A2BA6951794079423
:10B78000202531254A2758F7660F771F881F20F09C
:10B7900026173707480730F4620B730B840B200D14
:10B7A000311D411DA09581F7B901842F9158880F53
:10B7B0009695879508959B01AC010C94D8579150AC
:10B7C0005040660F771F881FD2F708959F938F937D
:10B7D0007F936F93FF93EF939B01AC010E94D85727
:10B7E000EF91FF910E94DE5A2F913F914F915F910F
:10B7F0000C94D85797FB072E16F4009407D077FDCA
:10B8000009D00E944C5C07FC05D03EF490958195D0
:10B810009F4F0895709561957F4F0895EE0FFF1F1C
:10B82000881F8BBF0790F691E02D1994002E0830E9
:10B8300090F0982F872F762F652F542F432F322F7C
:10B8400022270850F4CF220F331F441F551F661FB5
:10B85000771F881F991F0A95B2F7002D089597FD4D
:10B860001094002E083098F00850232F342F452FC5
:10B87000562F672F782F892F912DF4CF15949795F8
:10B8800087957795679557954795379527950A95A5
:10B89000AAF71124002D0895AA1BBB1B51E107C074
:10B8A000AA1FBB1FA617B70710F0A61BB70B881F50
:10B8B000991F5A95A9F780959095BC01CD010895DF
:10B8C00081E090E0F8940C94BA5F9111089581564C
:10B8D0008A5108F4805285580895FB01DC0102C0AA
:10B8E00001900D9241505040D8F70895FC0181918C
:10B8F000861721F08823D9F7992708953197CF012A
:10B900000895FB01DC014150504030F08D910190D1
:10B91000801919F40020B9F7881B990B0895FB01D1
:10B92000DC014150504048F001900D920020C9F7D1
:10B9300001C01D9241505040E0F708950F931F93AE
:10B94000CF93DF93CDB7DEB72E970FB6F894DEBF57
:10B950000FBECDBF0E891F89888D998D26E02C835F
:10B960001A83098397FF02C080E090E801979E83C5
:10B970008D83AE01445E5F4F6A8D7B8DCE01019653
:10B980000E94145D4D815E8157FD0AC02F8138856C
:10B99000421753070CF49A01020F131FF80110828B
:10B9A0002E960FB6F894DEBF0FBECDBFDF91CF91BC
:10B9B0001F910F9108950F931F93CF93DF93CDB7EE
:10B9C000DEB72E970FB6F894DEBF0FBECDBF8C0149
:10B9D000FA0186E08C831A83098377FF02C060E056
:10B9E00070E8615071097E836D83A901BF01CE01AA
:10B9F00001960E94145D4D815E8157FD0AC02F8122
:10BA00003885421753070CF49A01020F131FF801EF
:10BA100010822E960FB6F894DEBF0FBECDBFDF9119
:10BA2000CF911F910F9108952F923F924F925F9265
:10BA30006F927F928F929F92AF92BF92CF92DF923E
:10BA4000EF92FF920F931F93CF93DF9300D000D01C
:10BA500000D01F921F92CDB7DEB77C013B018A0157
:10BA6000FC0117821682838181FFDDC1CE01019620
:10BA70005C01F7019381F30193FD859193FF81911F
:10BA80003F01882309F453C1853239F493FD859130
:10BA900093FF81913F01853229F4B70190E00E9424
:10BAA0002C5FE7CF912C212C312CFFE1F31538F0DE
:10BAB0008B3211F190F4803209F1833229F137FC95
:10BAC0003CC020ED280F2A3050F536FE20C08AE019
:10BAD000989E200D1124922E06C08D3291F0803355
:10BAE00071F7689430F8F30193FD859193FF81918C
:10BAF0003F018111DACF21C0689431F8689432F89F
:10BB0000F2CF689433F8EFCF689434F8ECCFEAE0E2
:10BB10002E9E200D1124222E689435F8E4CF8E320B
:10BB200029F436FC04C1689436F8DDCF8C3619F45C
:10BB3000689437F8D8CF8836B1F2982F9F7D955406
:10BB40009330E0F08336A1F18337C1F1833509F0FA
:10BB500063C02801F2E04F0E511CF801C080D18073
:10BB6000692D70E036FC02C06FEF7FEFC6010E94C6
:10BB7000165F4C01689437F882010AC00C5F1F4FB2
:10BB8000FFE3F98388248394912C6501E89437F8C6
:10BB900033FE2DC0522C8114910471F5552009F407
:10BBA00068CFB70180E290E00E942C5F5A94F6CFF4
:10BBB000F801808189830E5F1F4FE4CF2801F2E0F6
:10BBC0004F0E511CF801C080D180692D70E036FC09
:10BBD00002C06FEF7FEFC6010E94215F4C0182011E
:10BBE000D5CFB70180E290E00E942C5F2A94281400
:10BBF000190409F0B0F7CECFF60137FC859137FE76
:10BC000081916F01B70190E00E942C5F51105A940E
:10BC1000F1E08F1A9108BFCF843619F0893609F008
:10BC200077C0F80137FE6BC060817181828193819A
:10BC30000C5F1F4FF32DFF763F2E97FF09C09095A5
:10BC40008095709561957F4F8F4F9F4F689437F81F
:10BC50002AE030E0A5010E945C5FC82ECA188C2C37
:10BC6000432C36FE0CC0E89440F8C91440F434FE6E
:10BC700005C032FC03C0F32DFE7E4F2E892C44FEFE
:10BC8000AAC0FE01EC0DF11D8081803309F09CC03B
:10BC9000242D297E422E842D8870582E43FCAAC064
:10BCA00040FEA4C09C2C821418F42C0C922C9818E2
:10BCB00044FEA6C0B70180E390E00E942C5F42FEE4
:10BCC00009C088E790E041FE02C088E590E0B70136
:10BCD0000E942C5FC91408F49FC0CA94D12C9FEF16
:10BCE000C91AD90ACA0CDB1CF60182916F01B7018F
:10BCF00090E00E942C5FAC14BD04B1F74FCF60817F
:10BD00007181072E000C880B990B0E5F1F4F92CF8D
:10BD1000D32CE894D4F82AE030E08537E1F1232DE4
:10BD2000297FD22E8F36A9F1F0F4883551F1F70131
:10BD3000868197812B960FB6F894DEBF0FBECDBFDC
:10BD4000DF91CF911F910F91FF90EF90DF90CF90F7
:10BD5000BF90AF909F908F907F906F905F904F902B
:10BD60003F902F900895803749F0883701F7D4FE2F
:10BD700002C06894D2F820E130E00DC06894D4F895
:10BD8000F6CF34FE03C0822F8660D82E20E132E049
:10BD900002C028E030E0F801D7FE0FC06081718159
:10BDA000828193810C5F1F4FA5010E945C5FC82EAA
:10BDB000CA183D2CE89437F852CF6081718190E029
:10BDC00080E00E5F1F4FF0CF42FC02C0839463CF30
:10BDD0008394839460CF842D867809F45CCFF6CF6A
:10BDE000B70180E290E00E942C5F83948214C0F33C
:10BDF000512C5ECF522C5818821408F459CFF8CF2A
:10BE0000842D867809F466CF8BE241FE80E247FC00
:10BE10008DE2B70190E05CCFB70180E390E00E9433
:10BE20002C5F9A9457CF8FEF9FEF84CFFC01059042
:10BE3000615070400110D8F7809590958E0F9F1F2C
:10BE40000895FC016150704001900110D8F7809571
:10BE500090958E0F9F1F08950F931F93CF93DF939D
:10BE6000182F092FEB018B8181FD09C01FEF0FEF08
:10BE7000812F902FDF91CF911F910F91089582FF15
:10BE800014C02E813F818C819D81281739073CF495
:10BE9000E881F981CF0101969983888310838E818F
:10BEA0009F8101969F838E83E3CFE885F985812F5B
:10BEB0001995892BA1F3DACFFA01AA27283051F17D
:10BEC000203181F1E8946F936E7F6E5F7F4F8F4FCB
:10BED0009F4FAF4FB1E03ED0B4E03CD0670F781F2A
:10BEE000891F9A1FA11D680F791F8A1F911DA11D0F
:10BEF0006A0F711D811D911DA11D20D009F4689448
:10BF00003F912AE0269F11243019305D3193DEF6EF
:10BF1000CF010895462F4770405D4193B3E00FD0A5
:10BF2000C9F7F6CF462F4F70405D4A3318F0495D90
:10BF300031FD4052419302D0A9F7EACFB4E0A69573
:10BF40009795879577956795BA95C9F70097610595
:10BF5000710508959B01AC010A2E069457954795EB
:10BF600037952795BA95C9F7620F731F841F951FE0
:08BF7000A01D0895F894FFCF15
:10BF78005F020000000043830300000000431E46E8
:10BF880096007302FF000000FF940A940A940A9432
:10BF98000A940A940A940A940A0000AC1F80002E9E
:10BFA80005300532053405D209D8090000A0420041
:10BFB80000A0420000C84358398E4100409C45000B
:10BFC800409C4500007A4400006145000000008A5A
:10BFD80021B132C02895168116241693218D21008F
:10BFE8000000008C21B332E10B7C217821532176AB
:10BFF80020592050202E20262020200420D91FD070
:10C008001FC81FC51FA91FA31F9D1F291FF81EF6A4
:10C018001EF41EE10B3933B5320733CA32E10B8601
:10C028001E821E7E1E7A1EEC31E231761E741E734D
:10C038001E701E6D1E6C1E6B1E691E671E651E61BE
:10C048001E541E491E1E1E00000000E20B950A6EBB
:10C058000DE10B3E0C540CC90B000000002312929A
:10C0680010F4127613B1122D1384134F138E13DCB0
:10C078001271130A137B13000000006532F931AC0A
:10C08800134614B912E513541407145E149413419B
:10C0980014C2134B140001020335312829A711AC2F
:10C0A80011B0117910B511BB11C111030201AE0312
:10C0B800C711DF11F11100120F122A123C12561289
:10C0C800671235117D128B12A012B412C412030329
:10C0D8000000030E12373D301C363C2E1A000000BB
:10C0E800002B0B950AC20A780BF30AD10AE50A005D
:10C0F8000000008B21AD322A28561523156E149C9A
:10C10800219621000000006414AF325F28DF154C2F
:10C1180015ED146B1465145B4D53473A20006F6B93
:10C12800006572726F723A256420282573290065AC
:10C1380072726F723A25640053657474696E67731E
:10C148003A20536176656420746F2073746F72614E
:10C158006765005B494E465D2000486F6D696E67F4
:10C168003A20537769746368206E6F7420666F7520
:10C178006E6420666F722061786973202564005BA5
:10C188004552525D2000486F6D696E673A205377BB
:10C1980069746368206E6F7420666F756E642069B9
:10C1A8006E206665656420706861736520666F72CD
:10C1B800206178697320256400486F6D696E673A5D
:10C1C800204178697320256420636F6D706C6574F5
:10C1D8006500486F6D696E673A204178697320255C
:10C1E800730053656E736F726C65737320686F6D3F
:10C1F800696E67206E6F7420737570706F727465E6
:10C2080064206F6E2073656C656374656420647266
:10C218006976657220666F7220617869732025647B
:10C228002E20545249475F46414C4C494E472062A4
:10C2380061636B20746F2073656E736F7265642E13
:10C24800005B57524E5D200053656E736F726C65CC
:10C25800737320686F6D696E673A205374616C6CF4
:10C26800206E6F7420646574656374656420666FFE
:10C278007220617869732025640053656E736F724C
:10C288006C65737320686F6D696E673A20417869D1
:10C298007320256420636F6D706C657465005800A9
:10C2A80059005A00430073656E736F7265640073BA
:10C2B800656E736F726C65737300486F6D696E6736
:10C2C8003A205374617274696E6720282573206D53
:10C2D8006F64652900486F6D696E673A20436F6D1A
:10C2E800706C65746500537465707065723A2046A9
:10C2F80065656420686F6C6400537465707065725E
:10C308003A204D6F74696F6E20737461727465643E
:10C318000050656E536572766F3A20496E6974698C
:10C32800616C697A6564202875703D2564C2B02007
:10C33800646F776E3D2564C2B02064656C61793D99
:10C3480025646D73290054616E67656E7469616C4C
:10C358004B6E6966653A20496E697469616C697AE1
:10C368006564202873776976656C3D252E3166C231
:10C37800B0206F66667365743D252E32666D6D2933
:10C3880000426C616465536F6C656E6F69643A2036
:10C39800496E697469616C697A6564206F6E207092
:10C3A800696E20256400537465707065723A204583
:10C3B8004D455247454E43592053544F5000556EF2
:10C3C8006B6E6F776E0025737C4D506F733A252E18
:10C3D80033662C252E33662C252E33667C42663A2E
:10C3E80025647C46533A252E30662C2564003C0093
:10C3F8003E00537465707065723A20526573756DAE
:10C408006564005265736574000D0A003D3D3D3D4D
:10C418003D3D3D3D3D3D3D3D3D3D3D3D3D3D3D3D44
:10C428003D3D3D3D3D3D3D3D3D3D3D3D3D00204F7C
:10C4380070656E506C6F747465722076312E312E73
:10C448003000204F70656E2D536F75726365204301
:10C45800757474696E6720506C6F74746572005BD4
:10C46800426F6172643A204D65676120323536301B
:10C47800202B2052414D505320312E345D005B4D0E
:10C488006F64653A205374616E64616C6F6E655DAC
:10C498000053657474696E67733A204669727374E1
:10C4A80020626F6F7420646574656374656420E24C
:10C4B80080942077726974696E6720646566617517
:10C4C8006C74730053657474696E67733A204C6FAB
:10C4D800616465642066726F6D2073746F72616742
:10C4E80065004472697665724D67723A20496E69D3
:10C4F8007469616C697A696E6720737465707065B8
:10C508007220647269766572732E2E2E00447269E9
:10C518007665724D67723A205374617274696E67FA
:10C5280020535049206275732E2E2E00447269766E
:10C5380065724D67723A205374617274696E672030
:10C54800544D432055415254206275732E2E2E00AF
:10C558004472697665724D67723A20417869732032
:10C56800257320636F6E66696775726564207769E5
:10C578007468207374616E64616C6F6E6520647298
:10C588006976657220257320285672656620616475
:10C598006A7573746564206F6E20706F7429004427
:10C5A80072697665724D67723A2041786973202501
:10C5B800732028544D433232303820554152542983
:10C5C80020696E697469616C697A65642061742098
:10C5D8002564206D41004472697665724D67723A30
:10C5E80020417869732025732028544D4332323016
:10C5F8003920554152542920696E697469616C6902
:10C608007A6564206174202564206D410044726954
:10C618007665724D67723A204178697320257320D8
:10C6280028544D4332313330205350492920696E04
:10C63800697469616C697A65642061742025642075
:10C648006D41004472697665724D67723A2041788F
:10C6580069732025732028544D43353136302048DE
:10C668006967682D43757272656E74205350492945
:10C6780020696E697469616C697A656420617420E7
:10C688002564206D41005361666574793A20452D13
:10C6980073746F70206973206163746976652061B3
:10C6A80074207374617274757021005361666574C7
:10C6B800793A20496E697469616C697A65642028E1
:10C6C800736F66745F6C696D6974733D2573206858
:10C6D8006172645F6C696D6974733D2573290052DA
:10C6E800656164792E205479706520244920666F2D
:10C6F8007220696E666F2C20242420666F72207366
:10C70800657474696E67732C20244820746F2068E0
:10C718006F6D652E004F70656E506C6F7474657226
:10C7280020696E697469616C697A65642E20467245
:10C7380065652052414D3A20256C752062797465F3
:10C74800730041343938380044525638383235008D
:10C75800545249474745524544006F70656E005230
:10C7680053543D2A005749464900535349443D0014
:10C77800504153533D00556E6B6E6F776E204D2DB3
:10C78800636F64653A204D256400243130303D25BF
:10C798002E3366202873746570732F6D6D205829A9
:10C7A80000243130313D252E33662028737465709E
:10C7B800732F6D6D20592900243130323D252E33D9
:10C7C80066202873746570732F6D6D205A290024B4
:10C7D8003130333D252E3366202873746570732FEE
:10C7E80064656720432900243131303D252E3066A9
:10C7F80020286D617820726174652058206D6D2F36
:10C808006D696E2900243131313D252E306620288E
:10C818006D617820726174652059206D6D2F6D6986
:10C828006E2900243131323D252E306620286D6175
:10C83800782072617465205A206D6D2F6D696E299C
:10C8480000243131333D252E306620286D61782053
:10C85800726174652043206465672F6D696E2900D5
:10C86800243132303D252E30662028616363656CA3
:10C8780065726174696F6E206D6D2F735E32290069
:10C88800243133303D252E346620286A756E637452
:10C89800696F6E20646576696174696F6E206D6D6D
:10C8A8002900243134303D252E306620286D6178EA
:10C8B8002074726176656C2058206D6D29002431D2
:10C8C80034313D252E306620286D617820747261E0
:10C8D80076656C2059206D6D2900243134323D2550
:10C8E8002E306620286D61782074726176656C2020
:10C8F8005A206D6D2900243135303D252E306620B3
:10C9080028686F6D696E67207365656B2072617446
:10C9180065206D6D2F6D696E2900243135313D25F7
:10C928002E30662028686F6D696E672066656564BD
:10C938002072617465206D6D2F6D696E2900243138
:10C9480035323D252E31662028686F6D696E672067
:10C9580070756C6C2D6F6666206D6D2900243136FC
:10C96800303D25642028686F6D696E67206D657499
:10C97800686F643A20303D73656E736F726564202A
:10C98800313D73656E736F726C6573732900243162
:10C9980036313D256420285374616C6C477561728B
:10C9A80064207468726573686F6C6420302D32354A
:10C9B800352900243137303D256420287365727687
:10C9C8006F20757020616E676C652064656729004B
:10C9D800243137313D25642028736572766F2064D1
:10C9E8006F776E20616E676C652064656729002427
:10C9F8003137323D25642028736572766F2064656F
:10CA08006C6179206D732900243137333D2564200A
:10CA180028626C6164652070726573737572652035
:10CA2800302D3235352900243137343D256420280E
:10CA3800746F6F6C3A20303D736572766F20313DAC
:10CA4800736F6C656E6F696420323D74616E6765E3
:10CA58006E7469616C2900243138303D25642028C2
:10CA6800696E7665727420582900243138313D2565
:10CA7800642028696E76657274205929002431383B
:10CA8800323D25642028696E76657274205A290023
:10CA9800243138333D25642028696E766572742008
:10CAA800432900243139303D2564202857694669D7
:10CAB800206D6F64653A20303D415020313D53541C
:10CAC800412900243136323D25642028544D432025
:10CAD80072756E2063757272656E74206D412900DF
:10CAE800243136333D25642028544D4320686F6C2B
:10CAF800642063757272656E74206D41290024315B
:10CB080036343D25642028544D43206D6963726F87
:10CB180073746570732900243136353D25642028E7
:10CB2800544D4320537465616C746843686F703A60
:10CB380020303D7370726561644379636C652031A0
:10CB48003D737465616C746843686F7029002431A3
:10CB580036363D2564202844726976657220583A35
:10CB680020303D413439383820313D445256383828
:10CB7800323520323D544D433232303820333D5423
:10CB88004D433232303920343D544D433231333005
:10CB980020353D544D433531363029002431363760
:10CBA8003D2564202844726976657220592900243D
:10CBB8003136383D25642028447269766572205ADA
:10CBC8002900243136393D25642028447269766568
:10CBD80072204329005B4739323A2058252E3366A4
:10CBE8002059252E3366205A252E33662043252EBC
:10CBF80033665D005B5645523A204F70656E506C47
:10CC08006F74746572207625735D004D6567612BBE
:10CC180052414D5053312E34005B4F50543A202529
:10CC2800735D005B465245453A20256C7520627954
:10CC38007465735D00416C61726D20636C6561722F
:10CC480065642E2043617574696F6E3A20706F7346
:10CC58006974696F6E206D6179206265206C6F73ED
:10CC6800742E00466163746F7279207265736574FF
:10CC780020636F6D706C6574652E205265737461E6
:10CC88007274696E672E2E2E00556E6B6E6F776EFE
:10CC98002073657474696E67002425643D252E33FE
:10CCA800660057694669206E6F7420617661696C09
:10CCB80061626C65206F6E207468697320626F61B1
:10CCC800726400416C61726D206C6F636B65642ED9
:10CCD80020245820746F20636C6561722E00507296
:10CCE8006F6772616D207061757365642E2053657E
:10CCF8006E64207E20746F20726573756D652E00DA
:10CD080050726F6772616D20636F6D706C657465CA
:10CD18002E004F70656E506C6F7474657220472DCD
:10CD2800636F6465205265666572656E63653A0077
:10CD3800473020585920E28094205261706964205D
:10CD48006D6F7665004731205859204620E280945F
:10CD5800204C696E656172206D6F76650047322FD1
:10CD6800473320585920494A20E280942041726371
:10CD78002043572F4343570047323820E2809420FE
:10CD8800486F6D652061786573004739302F4739E2
:10CD98003120E28094204162732F52656C206D6FC0
:10CDA8006465004D33205320E2809420546F6F6CEB
:10CDB80020646F776E2028533D70726573737572A7
:10CDC8006529004D3520E2809420546F6F6C2075E2
:10CDD8007000242420E280942053657474696E677F
:10CDE8007300244820E2809420486F6D6500583A0B
:10CDF800252E336620593A252E3366205A3A252E99
:10CE0800336620433A252E336600585F6D696E3AC3
:10CE1800257320595F6D696E3A2573205A5F6D69D5
:10CE28006E3A25730053656E736F726C6573732069
:10CE3800686F6D696E6720656E61626C656400532A
:10CE4800656E736F72656420686F6D696E672065C3
:10CE58006E61626C656400426C6164652070726525
:10CE680073737572653A20252E30660053657474A5
:10CE7800696E6773207361766564005365747469BD
:10CE88006E6773206C6F6164656400466163746FDC
:10CE980072792064656661756C7473207265737449
:10CEA8006F72656400536F6674206C696D697420D5
:10CEB800657863656564656400486F6D696E6720B1
:10CEC800636F6D706C65746500486F6D696E67207F
:10CED8006661696C6564005361666574793A2045DA
:10CEE8004D455247454E43592053544F5021005306
:10CEF8007465707065723A204D6F746F7273206438
:10CF0800697361626C6564202869646C6520746962
:10CF18006D656F7574290049646C650052756E0003
:10CF2800486F6C6400416C61726D00436865636BA7
:10CF380000536C656570004578706563746564209E
:10CF4800636F6D6D616E64206C6574746572004208
:10CF58006164206E756D62657220666F726D6174B2
:10CF680000496E76616C696420472D636F646500C3
:10CF7800496E76616C6964204D2D636F6465004E5F
:10CF8800656761746976652076616C7565206E6F7A
:10CF98007420616C6C6F7765640046656564207207
:10CFA800617465206E6F742073657400436F6D6DD6
:10CFB800616E6420726571756972657320706F7334
:10CFC8006974696F6E004172632072616469757378
:10CFD800206572726F72004D6F64616C2067726FAA
:10CFE80075702076696F6C6174696F6E004C696E3C
:10CFF8006520746F6F206C6F6E670053797374656A
:10D008006D20636F6D6D616E64206572726F720062
:10D01800556E737570706F7274656420636F6D6D93
:10D02800616E6400486F6D696E672072657175691D
:10D0380072656400416C61726D206C6F636B0000F7
:00000001FF
